"x:11,y:15","x:16,y:8","x:14,y:6","x:3,y:12","x:8,y:18","x:15,y:15","x:19,y:2","x:7,y:18","[(6, 3), (4, 1), (0, 2), (5, 7)]",39.716131326048966,46.37562735790398,1.1676773595389738
"x:12,y:16","x:8,y:14","x:2,y:7","x:10,y:18","x:20,y:19","x:16,y:16","x:0,y:19","x:9,y:2","[(6, 3), (4, 1), (0, 2), (5, 7)]",48.406388014983,53.807555815963084,1.1115796493493437
"x:9,y:15","x:16,y:14","x:17,y:10","x:14,y:14","x:16,y:6","x:18,y:1","x:8,y:14","x:0,y:5","[(6, 3), (4, 1), (0, 2), (5, 7)]",40.58369804892147,53.53284520542179,1.319072627164011
"x:5,y:20","x:0,y:12","x:18,y:17","x:3,y:3","x:17,y:20","x:13,y:4","x:9,y:15","x:20,y:9","[(6, 3), (4, 1), (0, 2), (5, 7)]",61.76012533563954,68.64772329659205,1.1115217613876494
"x:7,y:16","x:13,y:11","x:15,y:7","x:20,y:11","x:19,y:14","x:1,y:8","x:19,y:10","x:4,y:12","[(6, 3), (4, 1), (0, 2), (5, 7)]",33.56708078594708,39.46018826391611,1.175562108470159
"x:12,y:15","x:7,y:4","x:19,y:13","x:7,y:18","x:17,y:7","x:7,y:8","x:12,y:16","x:13,y:14","[(6, 3), (4, 1), (0, 2), (5, 7)]",36.82742885028704,38.043796760454725,1.0330288577872904
"x:6,y:4","x:15,y:19","x:10,y:18","x:20,y:3","x:8,y:11","x:20,y:16","x:0,y:14","x:4,y:8","[(6, 3), (4, 1), (0, 2), (5, 7)]",59.99885411395333,72.14697534863998,1.2024725540860204
"x:9,y:9","x:17,y:4","x:11,y:4","x:9,y:17","x:7,y:17","x:13,y:5","x:13,y:0","x:20,y:9","[(6, 3), (4, 1), (0, 2), (5, 7)]",44.28887538728562,49.96779666562241,1.1282245536531976
"x:15,y:13","x:6,y:2","x:13,y:13","x:7,y:15","x:2,y:5","x:16,y:10","x:18,y:16","x:9,y:8","[(6, 3), (4, 1), (0, 2), (5, 7)]",33.84080183755664,33.84080183755664,1.0
"x:18,y:4","x:13,y:19","x:9,y:4","x:14,y:14","x:3,y:0","x:3,y:14","x:9,y:1","x:1,y:3","[(6, 3), (4, 1), (0, 2), (5, 7)]",51.89606148403806,53.194709293957516,1.025024014786149
"x:9,y:9","x:16,y:16","x:9,y:3","x:14,y:0","x:9,y:4","x:10,y:12","x:20,y:1","x:5,y:5","[(6, 3), (4, 1), (0, 2), (5, 7)]",40.09742627925366,40.09742627925367,1.0000000000000002
"x:1,y:17","x:14,y:15","x:12,y:17","x:14,y:16","x:5,y:16","x:2,y:3","x:18,y:16","x:7,y:10","[(6, 3), (4, 1), (0, 2), (5, 7)]",33.35712200236232,33.35712200236232,1.0
"x:12,y:12","x:15,y:6","x:9,y:12","x:10,y:12","x:20,y:10","x:4,y:12","x:12,y:8","x:16,y:4","[(6, 3), (4, 1), (0, 2), (5, 7)]",24.24474349039663,25.24474349039663,1.0412460540321287
"x:8,y:9","x:7,y:11","x:10,y:9","x:6,y:20","x:5,y:7","x:5,y:11","x:20,y:14","x:10,y:14","[(6, 3), (4, 1), (0, 2), (5, 7)]",31.295362491011044,31.29536249101104,0.9999999999999999
"x:3,y:18","x:3,y:12","x:19,y:12","x:17,y:6","x:2,y:12","x:15,y:7","x:14,y:15","x:6,y:20","[(6, 3), (4, 1), (0, 2), (5, 7)]",47.93739040289289,51.32601097411908,1.0706884655744986
"x:8,y:15","x:9,y:17","x:18,y:4","x:15,y:7","x:12,y:10","x:7,y:16","x:11,y:10","x:10,y:9","[(6, 3), (4, 1), (0, 2), (5, 7)]",29.538682001093083,33.55074977862936,1.1358241974840926
"x:1,y:18","x:0,y:8","x:19,y:4","x:19,y:9","x:4,y:10","x:12,y:17","x:12,y:16","x:14,y:9","[(6, 3), (4, 1), (0, 2), (5, 7)]",43.307711968739696,43.84748248258825,1.0124636118906067
"x:17,y:3","x:13,y:11","x:1,y:0","x:4,y:14","x:17,y:18","x:14,y:4","x:18,y:20","x:19,y:3","[(6, 3), (4, 1), (0, 2), (5, 7)]",50.234066627861445,59.57030762038634,1.1858547718560917
"x:18,y:9","x:1,y:7","x:15,y:0","x:8,y:11","x:13,y:10","x:11,y:20","x:10,y:7","x:11,y:15","[(6, 3), (4, 1), (0, 2), (5, 7)]",41.36288688451534,44.51007862215788,1.076087332744193
"x:12,y:17","x:14,y:11","x:12,y:2","x:13,y:20","x:1,y:19","x:17,y:14","x:18,y:3","x:10,y:20","[(6, 3), (4, 1), (0, 2), (5, 7)]",50.09858917100158,52.81024451483162,1.0541263813752189
"x:0,y:3","x:9,y:13","x:11,y:13","x:20,y:7","x:14,y:9","x:14,y:2","x:4,y:6","x:20,y:11","[(6, 3), (4, 1), (0, 2), (5, 7)]",40.90513461051242,42.929289069811205,1.0494841168125282
"x:5,y:15","x:7,y:19","x:5,y:12","x:3,y:15","x:1,y:3","x:3,y:20","x:12,y:6","x:3,y:12","[(6, 3), (4, 1), (0, 2), (5, 7)]",34.034330495203015,37.09594316407815,1.0899566004187053
"x:4,y:11","x:14,y:12","x:7,y:3","x:20,y:11","x:5,y:14","x:8,y:3","x:5,y:20","x:17,y:1","[(6, 3), (4, 1), (0, 2), (5, 7)]",43.2281328503699,50.50616169911207,1.1683632479324142
"x:20,y:17","x:10,y:1","x:17,y:7","x:3,y:13","x:13,y:3","x:11,y:14","x:7,y:14","x:17,y:2","[(6, 3), (4, 1), (0, 2), (5, 7)]",39.87556162663033,48.088104050639,1.205954275977496
"x:14,y:0","x:1,y:12","x:8,y:14","x:18,y:0","x:16,y:12","x:10,y:6","x:19,y:8","x:4,y:19","[(6, 3), (4, 1), (0, 2), (5, 7)]",50.97424302494484,50.97424302494483,0.9999999999999999
"x:7,y:12","x:10,y:0","x:17,y:11","x:1,y:0","x:7,y:15","x:0,y:3","x:11,y:10","x:18,y:19","[(6, 3), (4, 1), (0, 2), (5, 7)]",57.96688747896456,57.96688747896456,1.0
"x:0,y:15","x:17,y:10","x:5,y:17","x:0,y:5","x:7,y:5","x:16,y:15","x:6,y:18","x:8,y:3","[(6, 3), (4, 1), (0, 2), (5, 7)]",47.8788380626108,52.2959310044534,1.09225564196162
"x:7,y:18","x:4,y:18","x:8,y:12","x:6,y:8","x:19,y:4","x:7,y:12","x:0,y:8","x:15,y:1","[(6, 3), (4, 1), (0, 2), (5, 7)]",43.33344948823552,48.68122887064228,1.1234099626400296
"x:4,y:12","x:8,y:15","x:6,y:2","x:9,y:13","x:18,y:11","x:10,y:0","x:4,y:18","x:19,y:13","[(6, 3), (4, 1), (0, 2), (5, 7)]",42.082727876911996,54.791075785976325,1.3019848890555539
"x:14,y:2","x:17,y:1","x:11,y:18","x:14,y:11","x:8,y:18","x:0,y:9","x:17,y:10","x:2,y:11","[(6, 3), (4, 1), (0, 2), (5, 7)]",51.771780344380275,51.771780344380275,1.0
"x:8,y:2","x:10,y:19","x:20,y:17","x:5,y:3","x:6,y:12","x:3,y:7","x:0,y:14","x:19,y:19","[(6, 3), (4, 1), (0, 2), (5, 7)]",47.44566906627206,50.60794672644044,1.0666505019826218
"x:17,y:7","x:0,y:5","x:12,y:8","x:9,y:19","x:6,y:2","x:17,y:18","x:10,y:18","x:11,y:2","[(6, 3), (4, 1), (0, 2), (5, 7)]",42.30419953876347,45.502238565949035,1.0755962543211623
"x:4,y:4","x:15,y:13","x:8,y:17","x:20,y:2","x:5,y:0","x:18,y:7","x:11,y:7","x:11,y:1","[(6, 3), (4, 1), (0, 2), (5, 7)]",50.3795678605568,67.4567628581985,1.3389706526445178
"x:6,y:6","x:4,y:14","x:0,y:11","x:7,y:14","x:19,y:5","x:10,y:13","x:7,y:4","x:7,y:1","[(6, 3), (4, 1), (0, 2), (5, 7)]",41.25018989236712,43.249189494090075,1.0484603733204354
"x:1,y:7","x:7,y:17","x:15,y:0","x:16,y:15","x:16,y:0","x:9,y:9","x:12,y:1","x:13,y:18","[(6, 3), (4, 1), (0, 2), (5, 7)]",48.53301826719805,59.936943648873715,1.2349725153892441
"x:5,y:18","x:12,y:2","x:15,y:19","x:8,y:19","x:10,y:16","x:0,y:7","x:20,y:19","x:6,y:5","[(6, 3), (4, 1), (0, 2), (5, 7)]",45.942723812199446,54.041872447455084,1.1762879508050637
"x:4,y:3","x:15,y:8","x:10,y:14","x:14,y:8","x:0,y:20","x:18,y:8","x:10,y:19","x:7,y:12","[(6, 3), (4, 1), (0, 2), (5, 7)]",39.353362428017995,40.353362428017995,1.0254107892770057
"x:9,y:1","x:10,y:15","x:1,y:2","x:7,y:14","x:0,y:11","x:17,y:16","x:4,y:19","x:0,y:0","[(6, 3), (4, 1), (0, 2), (5, 7)]",43.03378133667882,50.2583138518274,1.1678804950610027
"x:6,y:1","x:1,y:13","x:13,y:14","x:4,y:17","x:14,y:10","x:9,y:0","x:7,y:12","x:14,y:12","[(6, 3), (4, 1), (0, 2), (5, 7)]",36.99737374591001,40.87932375931801,1.104925015490786
"x:4,y:13","x:2,y:12","x:16,y:12","x:12,y:9","x:13,y:19","x:0,y:12","x:2,y:0","x:14,y:14","[(6, 3), (4, 1), (0, 2), (5, 7)]",41.4484482210295,53.38598679039445,1.2880093002687674
"x:18,y:8","x:7,y:14","x:13,y:7","x:4,y:9","x:2,y:10","x:7,y:19","x:17,y:15","x:17,y:13","[(6, 3), (4, 1), (0, 2), (5, 7)]",37.499135031808805,47.361970876325245,1.2630150225105259
"x:19,y:12","x:20,y:8","x:19,y:17","x:1,y:19","x:1,y:1","x:13,y:9","x:7,y:12","x:10,y:14","[(6, 3), (4, 1), (0, 2), (5, 7)]",48.90956228757516,48.90956228757516,1.0
"x:8,y:18","x:6,y:13","x:12,y:10","x:9,y:8","x:6,y:9","x:8,y:18","x:20,y:15","x:4,y:12","[(6, 3), (4, 1), (0, 2), (5, 7)]",27.823042852323262,32.81375893492176,1.1793734822279427
"x:9,y:5","x:8,y:11","x:12,y:20","x:15,y:8","x:14,y:6","x:11,y:14","x:9,y:0","x:13,y:10","[(6, 3), (4, 1), (0, 2), (5, 7)]",35.44195316711988,40.339954861387874,1.1381978490624485
"x:9,y:13","x:0,y:9","x:3,y:13","x:0,y:9","x:6,y:3","x:14,y:14","x:14,y:14","x:4,y:15","[(6, 3), (4, 1), (0, 2), (5, 7)]",26.205533672465645,31.304553186058435,1.1945779688108535
"x:5,y:8","x:0,y:20","x:7,y:13","x:13,y:8","x:17,y:15","x:4,y:13","x:5,y:11","x:14,y:5","[(6, 3), (4, 1), (0, 2), (5, 7)]",41.7261059458092,41.744044545373406,1.0004299131001464
"x:3,y:2","x:8,y:16","x:15,y:9","x:12,y:0","x:9,y:17","x:13,y:2","x:15,y:2","x:16,y:2","[(6, 3), (4, 1), (0, 2), (5, 7)]",34.62084428835002,35.20987204360711,1.017013673911335
"x:15,y:16","x:9,y:7","x:17,y:20","x:4,y:4","x:2,y:10","x:16,y:12","x:7,y:20","x:18,y:1","[(6, 3), (4, 1), (0, 2), (5, 7)]",51.71375383783983,58.04361597750716,1.1224019080014196
"x:3,y:9","x:5,y:0","x:18,y:7","x:17,y:13","x:14,y:3","x:1,y:3","x:18,y:6","x:8,y:17","[(6, 3), (4, 1), (0, 2), (5, 7)]",52.252397715894645,65.06347717008784,1.2451768725303143
"x:5,y:19","x:1,y:4","x:17,y:20","x:15,y:13","x:8,y:19","x:20,y:7","x:9,y:9","x:7,y:7","[(6, 3), (4, 1), (0, 2), (5, 7)]",52.06943807624636,54.65001736642201,1.049560344522959
"x:8,y:19","x:4,y:13","x:12,y:11","x:14,y:7","x:20,y:0","x:1,y:16","x:5,y:0","x:5,y:1","[(6, 3), (4, 1), (0, 2), (5, 7)]",47.23849940110976,66.30136447873706,1.403545102391196
"x:3,y:5","x:15,y:16","x:19,y:6","x:2,y:6","x:6,y:17","x:2,y:16","x:14,y:20","x:16,y:8","[(6, 3), (4, 1), (0, 2), (5, 7)]",49.39794178627848,58.05718586530132,1.1752956452414007
"x:2,y:8","x:2,y:14","x:6,y:14","x:11,y:14","x:9,y:2","x:15,y:16","x:12,y:8","x:15,y:11","[(6, 3), (4, 1), (0, 2), (5, 7)]",35.42298057461824,35.42298057461824,1.0
"x:16,y:13","x:14,y:12","x:4,y:16","x:10,y:18","x:10,y:18","x:18,y:20","x:13,y:4","x:17,y:1","[(6, 3), (4, 1), (0, 2), (5, 7)]",49.28485641971011,49.874824244512226,1.0119705700221169
"x:4,y:2","x:12,y:8","x:7,y:15","x:11,y:16","x:1,y:7","x:6,y:5","x:12,y:1","x:20,y:17","[(6, 3), (4, 1), (0, 2), (5, 7)]",49.78487044784872,51.08382229114987,1.0260912970469984
"x:8,y:20","x:0,y:14","x:18,y:6","x:12,y:4","x:5,y:0","x:3,y:6","x:4,y:20","x:12,y:1","[(6, 3), (4, 1), (0, 2), (5, 7)]",51.96141600544095,58.65693992349432,1.1288556862528971
"x:6,y:12","x:17,y:12","x:4,y:8","x:2,y:14","x:5,y:18","x:12,y:1","x:4,y:2","x:0,y:15","[(6, 3), (4, 1), (0, 2), (5, 7)]",43.65900550079624,44.32418761314398,1.0152358512228503
"x:19,y:15","x:1,y:7","x:10,y:10","x:0,y:0","x:5,y:17","x:11,y:7","x:20,y:14","x:6,y:18","[(6, 3), (4, 1), (0, 2), (5, 7)]",46.21077832563063,58.07541321660503,1.2567503799085273
"x:13,y:2","x:11,y:13","x:15,y:9","x:1,y:7","x:8,y:9","x:12,y:13","x:3,y:16","x:5,y:16","[(6, 3), (4, 1), (0, 2), (5, 7)]",35.832847133917326,36.86471252856515,1.028796634294547
"x:17,y:0","x:14,y:18","x:11,y:12","x:11,y:15","x:16,y:6","x:2,y:17","x:9,y:20","x:0,y:0","[(6, 3), (4, 1), (0, 2), (5, 7)]",51.25383357494627,53.216689744317435,1.0382967679188517
"x:5,y:11","x:7,y:17","x:20,y:8","x:13,y:3","x:17,y:19","x:14,y:11","x:11,y:18","x:1,y:11","[(6, 3), (4, 1), (0, 2), (5, 7)]",60.03981828891892,65.68502502569955,1.0940243807803547
"x:6,y:5","x:14,y:5","x:4,y:10","x:13,y:16","x:7,y:1","x:0,y:16","x:10,y:13","x:13,y:11","[(6, 3), (4, 1), (0, 2), (5, 7)]",38.71258522486018,43.64486473737995,1.1274076500928798
"x:0,y:8","x:0,y:19","x:17,y:11","x:14,y:8","x:15,y:10","x:3,y:20","x:6,y:13","x:0,y:3","[(6, 3), (4, 1), (0, 2), (5, 7)]",57.155843936321936,70.21741886887558,1.2285256245556573
"x:13,y:0","x:18,y:2","x:0,y:5","x:2,y:14","x:10,y:8","x:9,y:14","x:13,y:18","x:6,y:3","[(6, 3), (4, 1), (0, 2), (5, 7)]",53.78776935414374,56.30124391427553,1.0467294812614898
"x:18,y:16","x:2,y:3","x:9,y:14","x:3,y:0","x:2,y:3","x:9,y:8","x:7,y:19","x:15,y:19","[(6, 3), (4, 1), (0, 2), (5, 7)]",44.772682225955265,54.862977710021454,1.2253672324821479
"x:7,y:1","x:4,y:12","x:19,y:5","x:0,y:10","x:16,y:19","x:17,y:7","x:11,y:6","x:14,y:1","[(6, 3), (4, 1), (0, 2), (5, 7)]",49.646627658766604,55.857270342713605,1.1250969698613622
"x:2,y:10","x:3,y:5","x:14,y:5","x:2,y:4","x:16,y:4","x:10,y:1","x:9,y:9","x:1,y:10","[(6, 3), (4, 1), (0, 2), (5, 7)]",37.012970301388286,40.983921546149695,1.1072853978599082
"x:18,y:0","x:10,y:2","x:12,y:6","x:13,y:6","x:0,y:0","x:19,y:18","x:9,y:5","x:0,y:14","[(6, 3), (4, 1), (0, 2), (5, 7)]",51.47717394978557,54.957351409565945,1.0676062260755648
"x:7,y:0","x:6,y:19","x:2,y:5","x:7,y:6","x:5,y:13","x:12,y:4","x:5,y:9","x:7,y:18","[(6, 3), (4, 1), (0, 2), (5, 7)]",32.55875998713528,38.19184870309747,1.1730129992109022
"x:2,y:19","x:1,y:14","x:4,y:5","x:7,y:5","x:0,y:15","x:19,y:8","x:19,y:0","x:15,y:17","[(6, 3), (4, 1), (0, 2), (5, 7)]",49.22204029967392,49.222040299673914,0.9999999999999999
"x:4,y:17","x:8,y:5","x:16,y:18","x:15,y:5","x:13,y:16","x:17,y:15","x:0,y:17","x:11,y:0","[(6, 3), (4, 1), (0, 2), (5, 7)]",48.08737358574667,55.63522017427897,1.156961090317678
"x:12,y:19","x:6,y:20","x:14,y:2","x:17,y:11","x:20,y:12","x:3,y:2","x:3,y:13","x:14,y:10","[(6, 3), (4, 1), (0, 2), (5, 7)]",53.912173787608936,61.32927973905569,1.1375775716384022
"x:19,y:17","x:8,y:16","x:16,y:7","x:7,y:17","x:15,y:19","x:20,y:2","x:11,y:0","x:8,y:15","[(6, 3), (4, 1), (0, 2), (5, 7)]",39.94787863662261,47.27330175937223,1.1833745213202376
"x:9,y:9","x:13,y:1","x:13,y:6","x:13,y:12","x:9,y:2","x:7,y:1","x:2,y:8","x:1,y:11","[(6, 3), (4, 1), (0, 2), (5, 7)]",38.66209393060561,41.01835488734212,1.0609449907437956
"x:14,y:9","x:19,y:10","x:20,y:10","x:2,y:5","x:19,y:18","x:9,y:11","x:11,y:8","x:1,y:18","[(6, 3), (4, 1), (0, 2), (5, 7)]",40.98382724246494,46.06776083353188,1.1240473116624714
"x:15,y:14","x:16,y:2","x:19,y:1","x:0,y:6","x:1,y:10","x:13,y:11","x:0,y:12","x:20,y:11","[(6, 3), (4, 1), (0, 2), (5, 7)]",46.05094967219834,49.40229138735212,1.0727746493614014
"x:9,y:19","x:16,y:8","x:7,y:1","x:3,y:3","x:4,y:11","x:16,y:5","x:14,y:18","x:6,y:9","[(6, 3), (4, 1), (0, 2), (5, 7)]",43.81448483303885,51.87674258133741,1.184008959115254
"x:12,y:2","x:7,y:5","x:19,y:18","x:15,y:3","x:14,y:3","x:16,y:11","x:12,y:12","x:9,y:11","[(6, 3), (4, 1), (0, 2), (5, 7)]",42.301496883565804,47.309596563028954,1.1183906019507504
"x:15,y:14","x:18,y:19","x:9,y:10","x:1,y:11","x:0,y:20","x:19,y:9","x:9,y:7","x:12,y:13","[(6, 3), (4, 1), (0, 2), (5, 7)]",44.95211451796136,50.065640993551376,1.1137549708267187
"x:14,y:0","x:20,y:7","x:17,y:13","x:14,y:20","x:6,y:8","x:10,y:3","x:1,y:12","x:10,y:14","[(6, 3), (4, 1), (0, 2), (5, 7)]",52.613042990018556,55.74317170886336,1.0594933982328039
"x:7,y:0","x:7,y:7","x:3,y:3","x:14,y:17","x:14,y:3","x:0,y:20","x:3,y:1","x:3,y:9","[(6, 3), (4, 1), (0, 2), (5, 7)]",48.35307317708095,53.56417572800893,1.1077718996648596
"x:13,y:15","x:3,y:14","x:0,y:18","x:11,y:12","x:4,y:7","x:0,y:18","x:7,y:16","x:2,y:3","[(6, 3), (4, 1), (0, 2), (5, 7)]",40.013858035483345,41.72206959247791,1.0426904987636973
"x:4,y:17","x:10,y:4","x:7,y:16","x:12,y:2","x:15,y:17","x:2,y:5","x:15,y:3","x:12,y:19","[(6, 3), (4, 1), (0, 2), (5, 7)]",40.58013164087491,47.49855493867435,1.170487946146305
"x:14,y:18","x:13,y:7","x:3,y:5","x:19,y:9","x:11,y:1","x:17,y:12","x:6,y:11","x:16,y:14","[(6, 3), (4, 1), (0, 2), (5, 7)]",43.995886438054825,46.54262056912226,1.0578857329003515
"x:14,y:11","x:4,y:19","x:0,y:20","x:13,y:17","x:18,y:12","x:4,y:9","x:10,y:3","x:19,y:14","[(6, 3), (4, 1), (0, 2), (5, 7)]",49.21313005604229,51.77190340592392,1.0519937127950973
"x:3,y:16","x:16,y:20","x:13,y:3","x:15,y:0","x:14,y:20","x:3,y:6","x:15,y:3","x:15,y:8","[(6, 3), (4, 1), (0, 2), (5, 7)]",44.14500641963018,44.86706589483735,1.0163565380044002
"x:6,y:12","x:17,y:1","x:0,y:15","x:11,y:6","x:8,y:11","x:1,y:4","x:1,y:1","x:9,y:12","[(6, 3), (4, 1), (0, 2), (5, 7)]",43.54766380582076,47.2432759534971,1.0848636143641388
"x:1,y:1","x:19,y:13","x:12,y:13","x:5,y:16","x:7,y:11","x:20,y:12","x:4,y:6","x:7,y:17","[(6, 3), (4, 1), (0, 2), (5, 7)]",42.30720019890291,44.96744228633188,1.0628791807286257
"x:10,y:3","x:20,y:8","x:2,y:18","x:16,y:16","x:17,y:14","x:15,y:1","x:18,y:2","x:1,y:5","[(6, 3), (4, 1), (0, 2), (5, 7)]",55.376489476199836,71.14589387494516,1.2847671376049006
"x:2,y:14","x:7,y:7","x:17,y:6","x:16,y:20","x:1,y:0","x:17,y:18","x:12,y:3","x:19,y:10","[(6, 3), (4, 1), (0, 2), (5, 7)]",49.04786255377011,52.72565546580275,1.0749837550617167
"x:9,y:4","x:3,y:14","x:4,y:19","x:2,y:7","x:20,y:16","x:0,y:8","x:7,y:17","x:6,y:0","[(6, 3), (4, 1), (0, 2), (5, 7)]",50.06033321922725,52.1687216513525,1.042116947621824
"x:6,y:16","x:14,y:1","x:18,y:5","x:12,y:6","x:0,y:11","x:1,y:8","x:4,y:11","x:18,y:10","[(6, 3), (4, 1), (0, 2), (5, 7)]",38.023442655986365,39.10380568293728,1.0284130776038718
"x:17,y:0","x:13,y:17","x:16,y:13","x:6,y:12","x:1,y:11","x:17,y:18","x:18,y:15","x:6,y:4","[(6, 3), (4, 1), (0, 2), (5, 7)]",48.25452615520615,48.28719205834359,1.000676950034332
"x:11,y:13","x:20,y:10","x:7,y:15","x:12,y:20","x:11,y:1","x:12,y:19","x:10,y:0","x:5,y:17","[(6, 3), (4, 1), (0, 2), (5, 7)]",39.20964157326238,47.402777520506106,1.2089571752890171
"x:18,y:20","x:13,y:3","x:10,y:11","x:8,y:19","x:10,y:7","x:5,y:16","x:4,y:12","x:1,y:2","[(6, 3), (4, 1), (0, 2), (5, 7)]",49.60535062399372,53.786156181691666,1.0842813427403881
"x:9,y:3","x:11,y:11","x:3,y:3","x:18,y:10","x:19,y:18","x:19,y:3","x:8,y:14","x:16,y:15","[(6, 3), (4, 1), (0, 2), (5, 7)]",41.961354399984934,41.961354399984934,1.0
"x:6,y:18","x:7,y:5","x:12,y:5","x:20,y:8","x:8,y:9","x:10,y:13","x:6,y:11","x:17,y:13","[(6, 3), (4, 1), (0, 2), (5, 7)]",38.01215600987383,41.91147484970111,1.1025808385826474
"x:20,y:1","x:0,y:5","x:6,y:6","x:11,y:12","x:0,y:0","x:2,y:11","x:6,y:20","x:14,y:19","[(6, 3), (4, 1), (0, 2), (5, 7)]",55.186837701352076,57.83909860205665,1.0480596644268239
"x:2,y:19","x:12,y:2","x:2,y:19","x:9,y:11","x:3,y:5","x:16,y:12","x:0,y:3","x:14,y:4","[(6, 3), (4, 1), (0, 2), (5, 7)]",41.034564165533745,41.03456416553375,1.0000000000000002
"x:11,y:18","x:4,y:3","x:15,y:12","x:15,y:13","x:14,y:3","x:6,y:6","x:3,y:5","x:5,y:7","[(6, 3), (4, 1), (0, 2), (5, 7)]",34.30670133815354,34.61197377172562,1.0088983324442382
"x:8,y:16","x:4,y:5","x:7,y:13","x:4,y:4","x:15,y:6","x:15,y:3","x:5,y:9","x:3,y:20","[(6, 3), (4, 1), (0, 2), (5, 7)]",34.181918383380854,46.47906625231266,1.359755930928401
"x:3,y:12","x:19,y:3","x:12,y:1","x:6,y:8","x:10,y:9","x:3,y:4","x:17,y:10","x:3,y:1","[(6, 3), (4, 1), (0, 2), (5, 7)]",45.32392561890195,49.43772438736675,1.0907643967791962
"x:8,y:7","x:4,y:9","x:1,y:18","x:13,y:5","x:6,y:3","x:11,y:10","x:10,y:4","x:13,y:10","[(6, 3), (4, 1), (0, 2), (5, 7)]",34.56890754162751,37.51686972787534,1.0852778521478563
"x:13,y:9","x:3,y:14","x:20,y:20","x:16,y:15","x:11,y:2","x:7,y:11","x:10,y:1","x:19,y:19","[(6, 3), (4, 1), (0, 2), (5, 7)]",42.63169376439879,46.71148522042248,1.095698554192343
"x:12,y:7","x:3,y:19","x:10,y:14","x:3,y:2","x:0,y:2","x:12,y:5","x:13,y:14","x:5,y:17","[(6, 3), (4, 1), (0, 2), (5, 7)]",44.370297880329495,45.10364601808258,1.0165279065678348
"x:15,y:4","x:5,y:15","x:3,y:3","x:14,y:18","x:10,y:20","x:6,y:8","x:3,y:1","x:1,y:12","[(6, 3), (4, 1), (0, 2), (5, 7)]",42.8188744779355,47.24374295836727,1.103339205768052
"x:19,y:2","x:14,y:2","x:4,y:20","x:0,y:10","x:15,y:19","x:18,y:9","x:11,y:14","x:20,y:5","[(6, 3), (4, 1), (0, 2), (5, 7)]",58.69937251903909,62.4358498072602,1.0636544672945045
"x:4,y:18","x:16,y:13","x:10,y:19","x:1,y:7","x:17,y:9","x:10,y:7","x:6,y:17","x:1,y:6","[(6, 3), (4, 1), (0, 2), (5, 7)]",40.48528137423857,41.69754712192325,1.0299433697021572
"x:3,y:20","x:10,y:5","x:9,y:16","x:4,y:3","x:12,y:14","x:15,y:0","x:11,y:1","x:14,y:8","[(6, 3), (4, 1), (0, 2), (5, 7)]",38.55025622502297,45.48836776114123,1.1799757567270002
"x:19,y:10","x:20,y:1","x:14,y:1","x:11,y:16","x:16,y:5","x:9,y:16","x:10,y:4","x:12,y:10","[(6, 3), (4, 1), (0, 2), (5, 7)]",37.39582558960624,39.46783204818755,1.0554074265218845
"x:2,y:11","x:6,y:4","x:10,y:20","x:6,y:9","x:19,y:15","x:16,y:9","x:10,y:4","x:14,y:17","[(6, 3), (4, 1), (0, 2), (5, 7)]",44.145106592161696,48.74126728569345,1.1041148396354272
"x:0,y:9","x:17,y:13","x:8,y:2","x:20,y:5","x:1,y:3","x:15,y:10","x:17,y:10","x:3,y:0","[(6, 3), (4, 1), (0, 2), (5, 7)]",48.54952439682598,52.45745260431011,1.0804936455307401
"x:12,y:10","x:12,y:9","x:8,y:18","x:20,y:3","x:20,y:10","x:20,y:9","x:3,y:1","x:5,y:4","[(6, 3), (4, 1), (0, 2), (5, 7)]",45.423469234603594,47.05350833588136,1.0358853942410018
"x:19,y:14","x:7,y:19","x:6,y:11","x:10,y:19","x:13,y:19","x:17,y:5","x:3,y:10","x:17,y:17","[(6, 3), (4, 1), (0, 2), (5, 7)]",40.64171914162333,44.3148949736541,1.0903794403782707
"x:19,y:1","x:1,y:16","x:6,y:5","x:16,y:14","x:13,y:20","x:18,y:18","x:19,y:2","x:9,y:8","[(6, 3), (4, 1), (0, 2), (5, 7)]",49.33791342407275,58.77133174408675,1.1912001879554819
"x:10,y:2","x:13,y:18","x:5,y:16","x:3,y:8","x:10,y:8","x:19,y:10","x:18,y:16","x:13,y:13","[(6, 3), (4, 1), (0, 2), (5, 7)]",45.918973641204914,45.918973641204914,1.0
"x:18,y:17","x:8,y:8","x:3,y:3","x:19,y:19","x:8,y:6","x:16,y:4","x:7,y:0","x:10,y:17","[(6, 3), (4, 1), (0, 2), (5, 7)]",55.93353403572658,57.818733909536206,1.0337042868166615
"x:1,y:18","x:3,y:14","x:11,y:3","x:5,y:5","x:17,y:7","x:5,y:19","x:9,y:2","x:3,y:7","[(6, 3), (4, 1), (0, 2), (5, 7)]",38.94939314652256,41.31679881237499,1.0607815802661305
"x:13,y:12","x:0,y:19","x:8,y:7","x:16,y:14","x:15,y:6","x:2,y:7","x:0,y:11","x:8,y:4","[(6, 3), (4, 1), (0, 2), (5, 7)]",50.279995003765926,56.10470182918121,1.1158454137670264
"x:11,y:5","x:10,y:0","x:17,y:19","x:2,y:12","x:17,y:0","x:18,y:18","x:9,y:14","x:9,y:17","[(6, 3), (4, 1), (0, 2), (5, 7)]",45.343204500829856,53.141728611103574,1.1719888172026085
"x:15,y:6","x:17,y:15","x:12,y:11","x:18,y:18","x:20,y:14","x:11,y:2","x:9,y:14","x:17,y:7","[(6, 3), (4, 1), (0, 2), (5, 7)]",31.591194829759807,34.51381142790563,1.0925136454602418
"x:13,y:7","x:7,y:19","x:0,y:8","x:18,y:14","x:2,y:14","x:8,y:18","x:16,y:15","x:4,y:20","[(6, 3), (4, 1), (0, 2), (5, 7)]",41.04407839643762,47.71812893644221,1.1626069045951306
"x:1,y:1","x:18,y:2","x:7,y:9","x:20,y:6","x:15,y:18","x:19,y:13","x:7,y:2","x:13,y:1","[(6, 3), (4, 1), (0, 2), (5, 7)]",45.21648958039673,49.128110048188915,1.086508716269032
"x:3,y:7","x:6,y:13","x:16,y:20","x:2,y:11","x:8,y:20","x:19,y:10","x:12,y:5","x:7,y:7","[(6, 3), (4, 1), (0, 2), (5, 7)]",47.5894900585658,47.7742581916309,1.0038825407214431
"x:13,y:4","x:18,y:7","x:8,y:8","x:19,y:1","x:16,y:1","x:9,y:20","x:2,y:12","x:3,y:11","[(6, 3), (4, 1), (0, 2), (5, 7)]",40.83155231037762,43.587235727015596,1.0674890681522682
"x:5,y:12","x:11,y:11","x:1,y:4","x:17,y:9","x:20,y:5","x:6,y:15","x:3,y:5","x:4,y:15","[(6, 3), (4, 1), (0, 2), (5, 7)]",41.83422912793714,41.83422912793714,1.0
"x:0,y:9","x:11,y:6","x:3,y:16","x:2,y:6","x:15,y:15","x:20,y:14","x:1,y:7","x:18,y:14","[(6, 3), (4, 1), (0, 2), (5, 7)]",35.27719010770127,35.27719010770128,1.0000000000000002
"x:20,y:9","x:4,y:5","x:6,y:8","x:3,y:14","x:20,y:15","x:19,y:19","x:15,y:0","x:3,y:9","[(6, 3), (4, 1), (0, 2), (5, 7)]",44.22815928102933,44.22815928102933,1.0
"x:9,y:2","x:15,y:0","x:3,y:11","x:15,y:6","x:20,y:13","x:1,y:8","x:2,y:9","x:14,y:6","[(6, 3), (4, 1), (0, 2), (5, 7)]",38.166091947189145,38.166091947189145,1.0
"x:5,y:20","x:19,y:20","x:9,y:0","x:14,y:2","x:6,y:11","x:3,y:1","x:9,y:8","x:9,y:5","[(6, 3), (4, 1), (0, 2), (5, 7)]",52.130766352933236,54.63663021144751,1.0480688091471588
"x:14,y:15","x:19,y:15","x:0,y:5","x:4,y:7","x:15,y:0","x:10,y:15","x:4,y:12","x:0,y:20","[(6, 3), (4, 1), (0, 2), (5, 7)]",54.54451701731892,66.36356579057376,1.2166862852503042
"x:10,y:18","x:6,y:12","x:17,y:3","x:3,y:2","x:13,y:16","x:2,y:4","x:16,y:18","x:13,y:20","[(6, 3), (4, 1), (0, 2), (5, 7)]",56.3535750468423,70.21224233852679,1.2459234801015706
"x:9,y:7","x:18,y:16","x:9,y:17","x:7,y:1","x:6,y:6","x:9,y:11","x:0,y:9","x:15,y:20","[(6, 3), (4, 1), (0, 2), (5, 7)]",45.82518272573916,46.2491272940952,1.0092513448531852
"x:12,y:7","x:20,y:8","x:20,y:11","x:13,y:18","x:2,y:18","x:6,y:1","x:12,y:16","x:18,y:16","[(6, 3), (4, 1), (0, 2), (5, 7)]",42.751975741491485,42.751975741491485,1.0
"x:14,y:19","x:9,y:4","x:3,y:13","x:19,y:9","x:8,y:15","x:8,y:0","x:14,y:18","x:12,y:8","[(6, 3), (4, 1), (0, 2), (5, 7)]",44.38014414072809,51.96120290488224,1.170820958582623
"x:14,y:19","x:2,y:2","x:7,y:18","x:14,y:12","x:10,y:5","x:0,y:0","x:7,y:19","x:14,y:1","[(6, 3), (4, 1), (0, 2), (5, 7)]",45.99984786803325,53.52227807217037,1.1635316322288252
"x:9,y:0","x:8,y:13","x:16,y:7","x:20,y:4","x:0,y:12","x:7,y:13","x:3,y:2","x:7,y:10","[(6, 3), (4, 1), (0, 2), (5, 7)]",40.82672802270653,41.78195104931904,1.0233970017406548
"x:4,y:5","x:1,y:0","x:2,y:12","x:17,y:16","x:19,y:16","x:5,y:6","x:13,y:4","x:11,y:0","[(6, 3), (4, 1), (0, 2), (5, 7)]",57.336453850495836,67.71659202218856,1.1810390680727976
"x:12,y:6","x:10,y:4","x:11,y:9","x:14,y:1","x:12,y:7","x:19,y:19","x:0,y:9","x:16,y:5","[(6, 3), (4, 1), (0, 2), (5, 7)]",38.64632504522787,41.046213365497636,1.0620987459340874
"x:9,y:0","x:20,y:1","x:14,y:16","x:8,y:3","x:7,y:18","x:20,y:12","x:9,y:7","x:7,y:3","[(6, 3), (4, 1), (0, 2), (5, 7)]",54.6537390856513,54.966692247745584,1.0057261070757453
"x:0,y:13","x:8,y:9","x:7,y:12","x:20,y:19","x:1,y:7","x:16,y:0","x:7,y:11","x:10,y:4","[(6, 3), (4, 1), (0, 2), (5, 7)]",44.25050320019972,44.67719842062795,1.0096427201855258
"x:14,y:16","x:10,y:12","x:16,y:12","x:9,y:9","x:13,y:16","x:14,y:0","x:9,y:7","x:12,y:14","[(6, 3), (4, 1), (0, 2), (5, 7)]",24.301233984456566,26.129661109202758,1.0752400938123423
"x:0,y:14","x:0,y:0","x:13,y:1","x:7,y:13","x:16,y:14","x:20,y:19","x:20,y:16","x:4,y:13","[(6, 3), (4, 1), (0, 2), (5, 7)]",59.19592498795629,59.19592498795629,1.0
"x:16,y:18","x:12,y:1","x:3,y:1","x:6,y:17","x:19,y:8","x:11,y:0","x:12,y:7","x:11,y:3","[(6, 3), (4, 1), (0, 2), (5, 7)]",46.98140545665719,47.371836344446855,1.0083103279690058
"x:13,y:12","x:1,y:16","x:0,y:5","x:8,y:17","x:19,y:1","x:8,y:4","x:20,y:1","x:12,y:15","[(6, 3), (4, 1), (0, 2), (5, 7)]",50.8248592317933,59.224983031905,1.165275889143182
"x:3,y:17","x:18,y:13","x:8,y:12","x:2,y:3","x:18,y:9","x:4,y:4","x:16,y:17","x:14,y:4","[(6, 3), (4, 1), (0, 2), (5, 7)]",48.08851306885387,56.669098917746055,1.1784331704456399
"x:0,y:3","x:9,y:4","x:5,y:1","x:3,y:1","x:19,y:7","x:1,y:17","x:19,y:19","x:19,y:18","[(6, 3), (4, 1), (0, 2), (5, 7)]",51.07361416169449,59.31019530684829,1.1612688132677966
"x:16,y:8","x:0,y:11","x:9,y:8","x:4,y:0","x:2,y:13","x:5,y:5","x:11,y:3","x:17,y:12","[(6, 3), (4, 1), (0, 2), (5, 7)]",40.554795930404886,40.55479593040489,1.0000000000000002
"x:13,y:17","x:4,y:8","x:20,y:9","x:15,y:14","x:10,y:1","x:8,y:14","x:16,y:20","x:20,y:12","[(6, 3), (4, 1), (0, 2), (5, 7)]",40.33507751596288,45.653939051176565,1.1318668975684678
"x:16,y:8","x:2,y:6","x:1,y:17","x:2,y:20","x:3,y:3","x:15,y:9","x:17,y:5","x:18,y:14","[(6, 3), (4, 1), (0, 2), (5, 7)]",45.27021513944669,45.50328484534635,1.0051484117135678
"x:13,y:14","x:6,y:18","x:7,y:4","x:15,y:13","x:6,y:18","x:16,y:20","x:15,y:13","x:13,y:8","[(6, 3), (4, 1), (0, 2), (5, 7)]",35.96296531091496,35.96296531091496,1.0
"x:4,y:4","x:12,y:13","x:1,y:0","x:4,y:15","x:16,y:6","x:2,y:4","x:20,y:10","x:2,y:3","[(6, 3), (4, 1), (0, 2), (5, 7)]",39.12760090919464,39.307940796693586,1.0046090198046507
"x:4,y:3","x:17,y:3","x:17,y:12","x:13,y:20","x:20,y:5","x:3,y:19","x:2,y:2","x:2,y:6","[(6, 3), (4, 1), (0, 2), (5, 7)]",52.04562035469613,63.7371276200105,1.22463959859899
"x:14,y:8","x:17,y:5","x:11,y:2","x:0,y:20","x:17,y:13","x:11,y:12","x:6,y:17","x:3,y:19","[(6, 3), (4, 1), (0, 2), (5, 7)]",37.7897413671165,41.69153507355982,1.103250077012661
"x:14,y:2","x:18,y:13","x:4,y:9","x:2,y:9","x:15,y:11","x:15,y:15","x:19,y:20","x:14,y:12","[(6, 3), (4, 1), (0, 2), (5, 7)]",37.84710748930943,39.373035520291744,1.0403182206569772
"x:7,y:6","x:18,y:1","x:3,y:4","x:3,y:20","x:18,y:5","x:17,y:18","x:6,y:20","x:17,y:11","[(6, 3), (4, 1), (0, 2), (5, 7)]",46.780599389984005,49.635928350103256,1.0610366048608302
"x:3,y:1","x:17,y:13","x:11,y:5","x:13,y:19","x:3,y:18","x:3,y:3","x:7,y:10","x:13,y:8","[(6, 3), (4, 1), (0, 2), (5, 7)]",42.73481654539605,46.46013684618019,1.087172956430662
"x:12,y:3","x:4,y:20","x:2,y:16","x:1,y:14","x:14,y:19","x:20,y:3","x:20,y:16","x:8,y:13","[(6, 3), (4, 1), (0, 2), (5, 7)]",47.38022278600569,47.38022278600569,1.0
"x:18,y:9","x:6,y:8","x:14,y:8","x:11,y:20","x:11,y:6","x:6,y:20","x:8,y:8","x:5,y:2","[(6, 3), (4, 1), (0, 2), (5, 7)]",45.42574536816147,49.56590111536735,1.091141173659369
"x:20,y:12","x:6,y:14","x:11,y:10","x:18,y:0","x:17,y:11","x:13,y:15","x:8,y:5","x:0,y:10","[(6, 3), (4, 1), (0, 2), (5, 7)]",45.8381334298882,45.8381334298882,1.0
"x:5,y:15","x:15,y:6","x:17,y:20","x:5,y:12","x:20,y:4","x:9,y:18","x:20,y:16","x:16,y:20","[(6, 3), (4, 1), (0, 2), (5, 7)]",41.685579400282,47.164372623096945,1.1314313799073135
"x:3,y:10","x:1,y:17","x:8,y:5","x:18,y:7","x:9,y:16","x:15,y:18","x:16,y:17","x:20,y:7","[(6, 3), (4, 1), (0, 2), (5, 7)]",42.35024335933996,46.22372706618878,1.0914630802468472
"x:4,y:5","x:13,y:18","x:8,y:20","x:17,y:20","x:16,y:20","x:12,y:1","x:10,y:12","x:1,y:0","[(6, 3), (4, 1), (0, 2), (5, 7)]",44.519056817550755,44.51905681755076,1.0000000000000002
"x:20,y:14","x:2,y:20","x:5,y:6","x:2,y:17","x:15,y:17","x:10,y:11","x:12,y:13","x:1,y:20","[(6, 3), (4, 1), (0, 2), (5, 7)]",37.732082299179226,39.79017980965641,1.054545028661775
"x:10,y:17","x:14,y:6","x:1,y:7","x:17,y:17","x:17,y:2","x:20,y:13","x:2,y:20","x:20,y:1","[(6, 3), (4, 1), (0, 2), (5, 7)]",58.13250470531333,68.82373963035592,1.1839114791154939
"x:18,y:8","x:14,y:1","x:10,y:0","x:6,y:19","x:3,y:20","x:0,y:17","x:7,y:10","x:0,y:0","[(6, 3), (4, 1), (0, 2), (5, 7)]",55.64566685934129,55.64566685934129,1.0
"x:16,y:5","x:15,y:13","x:16,y:7","x:16,y:13","x:15,y:13","x:17,y:19","x:12,y:9","x:19,y:16","[(6, 3), (4, 1), (0, 2), (5, 7)]",20.32032791758285,20.32032791758285,1.0
"x:7,y:12","x:18,y:0","x:16,y:12","x:17,y:8","x:16,y:11","x:2,y:2","x:9,y:7","x:7,y:17","[(6, 3), (4, 1), (0, 2), (5, 7)]",44.16099049989247,44.97540347701659,1.018441909203239
"x:9,y:5","x:17,y:4","x:2,y:13","x:12,y:11","x:4,y:14","x:6,y:16","x:16,y:3","x:20,y:12","[(6, 3), (4, 1), (0, 2), (5, 7)]",46.397769766557666,62.210926308645924,1.3408171690503534
"x:19,y:2","x:12,y:2","x:17,y:0","x:1,y:11","x:8,y:12","x:20,y:18","x:15,y:1","x:0,y:3","[(6, 3), (4, 1), (0, 2), (5, 7)]",53.914357941329136,55.66645939840767,1.0324978637227806
"x:20,y:5","x:10,y:15","x:1,y:18","x:0,y:4","x:8,y:3","x:8,y:9","x:20,y:17","x:4,y:4","[(6, 3), (4, 1), (0, 2), (5, 7)]",56.75982326574835,60.34411296474853,1.0631483590464792
"x:4,y:4","x:19,y:15","x:16,y:12","x:20,y:1","x:11,y:16","x:9,y:1","x:6,y:3","x:3,y:14","[(6, 3), (4, 1), (0, 2), (5, 7)]",54.852685626624236,71.35352050957555,1.3008209114002283
"x:19,y:19","x:3,y:4","x:10,y:0","x:17,y:15","x:2,y:13","x:4,y:13","x:9,y:7","x:13,y:8","[(6, 3), (4, 1), (0, 2), (5, 7)]",49.32222310702497,58.18722376771803,1.1797364372943364
"x:7,y:13","x:18,y:11","x:15,y:6","x:1,y:19","x:3,y:14","x:1,y:8","x:11,y:13","x:3,y:3","[(6, 3), (4, 1), (0, 2), (5, 7)]",47.95582725035947,56.44152160592937,1.1769481383621903
"x:5,y:19","x:20,y:6","x:9,y:11","x:9,y:4","x:18,y:15","x:18,y:8","x:16,y:10","x:2,y:12","[(6, 3), (4, 1), (0, 2), (5, 7)]",47.06189339959802,52.84945097452739,1.1229775760568699
"x:4,y:0","x:18,y:13","x:11,y:4","x:1,y:19","x:2,y:15","x:9,y:7","x:8,y:16","x:8,y:15","[(6, 3), (4, 1), (0, 2), (5, 7)]",44.54387890511057,44.54387890511057,1.0
"x:13,y:20","x:20,y:5","x:18,y:3","x:2,y:15","x:6,y:12","x:19,y:4","x:14,y:16","x:4,y:12","[(6, 3), (4, 1), (0, 2), (5, 7)]",46.97552297408657,57.24866738958694,1.2186914325821856
"x:4,y:17","x:16,y:13","x:1,y:9","x:9,y:15","x:14,y:9","x:2,y:20","x:16,y:18","x:20,y:6","[(6, 3), (4, 1), (0, 2), (5, 7)]",44.577751699250406,46.83514793041149,1.0506395263357133
"x:0,y:15","x:14,y:19","x:12,y:0","x:16,y:9","x:4,y:13","x:10,y:11","x:10,y:18","x:19,y:17","[(6, 3), (4, 1), (0, 2), (5, 7)]",51.78712716266854,56.10005645381381,1.0832818796377317
"x:0,y:10","x:16,y:15","x:1,y:0","x:18,y:18","x:10,y:1","x:12,y:8","x:12,y:16","x:7,y:2","[(6, 3), (4, 1), (0, 2), (5, 7)]",45.158434472948535,50.20836112903588,1.111826876086956
"x:19,y:17","x:1,y:20","x:7,y:6","x:6,y:16","x:7,y:19","x:18,y:14","x:8,y:1","x:13,y:19","[(6, 3), (4, 1), (0, 2), (5, 7)]",45.710151126514795,52.119181053314946,1.1402102108361332
"x:2,y:19","x:18,y:14","x:7,y:3","x:17,y:19","x:3,y:15","x:10,y:18","x:3,y:1","x:12,y:11","[(6, 3), (4, 1), (0, 2), (5, 7)]",52.93973882880877,57.65296936866544,1.0890301056281717
"x:12,y:18","x:17,y:15","x:10,y:20","x:10,y:16","x:3,y:14","x:18,y:1","x:16,y:17","x:17,y:6","[(6, 3), (4, 1), (0, 2), (5, 7)]",33.395157255483134,33.395157255483134,1.0
"x:15,y:16","x:3,y:12","x:14,y:0","x:0,y:5","x:12,y:4","x:12,y:9","x:4,y:20","x:18,y:1","[(6, 3), (4, 1), (0, 2), (5, 7)]",53.15018457672878,60.382748532448836,1.1360778709108519
"x:14,y:7","x:13,y:9","x:7,y:18","x:7,y:0","x:2,y:13","x:6,y:11","x:16,y:3","x:13,y:3","[(6, 3), (4, 1), (0, 2), (5, 7)]",42.73492256468455,53.04971551778268,1.241366833822746
"x:14,y:14","x:1,y:18","x:5,y:7","x:16,y:10","x:13,y:16","x:10,y:17","x:14,y:10","x:2,y:17","[(6, 3), (4, 1), (0, 2), (5, 7)]",32.21431345103264,35.11079439355867,1.089912856498675
"x:3,y:6","x:3,y:1","x:7,y:0","x:4,y:13","x:20,y:20","x:0,y:14","x:11,y:13","x:1,y:8","[(6, 3), (4, 1), (0, 2), (5, 7)]",40.55915515727111,44.75902728635251,1.1035493000975019
"x:12,y:15","x:17,y:11","x:8,y:3","x:13,y:14","x:18,y:14","x:19,y:15","x:11,y:12","x:13,y:14","[(6, 3), (4, 1), (0, 2), (5, 7)]",26.468242550334278,34.08318915758459,1.2877012552975167
"x:5,y:15","x:5,y:18","x:7,y:5","x:15,y:17","x:19,y:3","x:4,y:14","x:5,y:1","x:16,y:20","[(6, 3), (4, 1), (0, 2), (5, 7)]",52.51410175670088,55.737227805094236,1.061376391113499
"x:1,y:6","x:6,y:12","x:20,y:7","x:3,y:11","x:12,y:18","x:1,y:0","x:18,y:2","x:9,y:14","[(6, 3), (4, 1), (0, 2), (5, 7)]",50.74651581074239,56.98657363353662,1.1229652464430533
"x:8,y:18","x:16,y:1","x:17,y:9","x:9,y:10","x:13,y:0","x:14,y:18","x:11,y:16","x:8,y:10","[(6, 3), (4, 1), (0, 2), (5, 7)]",33.82245102803022,33.822451028030216,0.9999999999999998
"x:2,y:2","x:12,y:0","x:20,y:11","x:1,y:14","x:6,y:10","x:5,y:11","x:11,y:13","x:16,y:13","[(6, 3), (4, 1), (0, 2), (5, 7)]",51.80143703368323,53.265301796188254,1.0282591535357053
"x:10,y:18","x:7,y:2","x:8,y:17","x:0,y:7","x:12,y:6","x:3,y:19","x:9,y:3","x:17,y:10","[(6, 3), (4, 1), (0, 2), (5, 7)]",44.212082243891075,52.81440751093371,1.194569557244304
"x:5,y:16","x:17,y:7","x:14,y:0","x:10,y:1","x:18,y:18","x:13,y:14","x:10,y:10","x:17,y:11","[(6, 3), (4, 1), (0, 2), (5, 7)]",39.95225264482107,43.95225264482107,1.1001195110463569
"x:7,y:7","x:10,y:19","x:19,y:19","x:8,y:4","x:10,y:13","x:8,y:14","x:7,y:13","x:5,y:13","[(6, 3), (4, 1), (0, 2), (5, 7)]",37.576148270678054,37.576148270678054,1.0
"x:16,y:13","x:9,y:11","x:10,y:4","x:17,y:9","x:9,y:17","x:12,y:13","x:19,y:19","x:5,y:15","[(6, 3), (4, 1), (0, 2), (5, 7)]",39.46989969513227,47.96123489048604,1.2151344508332
"x:20,y:15","x:17,y:19","x:1,y:6","x:0,y:20","x:5,y:3","x:13,y:10","x:18,y:5","x:14,y:5","[(6, 3), (4, 1), (0, 2), (5, 7)]",74.7877455952651,82.78378944259968,1.1069164979327955
"x:17,y:17","x:16,y:0","x:10,y:10","x:7,y:15","x:14,y:9","x:7,y:1","x:0,y:14","x:11,y:6","[(6, 3), (4, 1), (0, 2), (5, 7)]",43.905608616603125,45.3806348693989,1.0335953947404792
"x:3,y:14","x:20,y:5","x:20,y:2","x:2,y:14","x:11,y:9","x:1,y:3","x:12,y:15","x:9,y:15","[(6, 3), (4, 1), (0, 2), (5, 7)]",47.37807557216085,49.7238230832422,1.0495112450801969
"x:16,y:5","x:4,y:9","x:20,y:18","x:17,y:18","x:3,y:20","x:2,y:13","x:1,y:10","x:7,y:14","[(6, 3), (4, 1), (0, 2), (5, 7)]",46.182999424225216,46.61323536530053,1.009315894299616
"x:9,y:15","x:20,y:4","x:5,y:18","x:10,y:15","x:1,y:15","x:10,y:3","x:4,y:18","x:8,y:12","[(6, 3), (4, 1), (0, 2), (5, 7)]",39.825815973496425,44.1118652688665,1.1076198739587002
"x:17,y:16","x:2,y:18","x:3,y:9","x:7,y:14","x:18,y:14","x:10,y:2","x:11,y:6","x:4,y:16","[(6, 3), (4, 1), (0, 2), (5, 7)]",38.30428752611013,38.30428752611014,1.0000000000000002
"x:3,y:10","x:15,y:12","x:2,y:20","x:19,y:9","x:20,y:7","x:1,y:20","x:4,y:5","x:4,y:6","[(6, 3), (4, 1), (0, 2), (5, 7)]",46.642169472302335,55.81423533360357,1.1966474965695562
"x:0,y:10","x:1,y:12","x:4,y:4","x:17,y:14","x:6,y:14","x:6,y:8","x:13,y:14","x:16,y:3","[(6, 3), (4, 1), (0, 2), (5, 7)]",41.4848111780608,43.569376765042,1.0502488869488604
"x:17,y:5","x:17,y:20","x:0,y:2","x:0,y:13","x:5,y:8","x:13,y:11","x:4,y:9","x:3,y:15","[(6, 3), (4, 1), (0, 2), (5, 7)]",52.14008659232602,61.28490410969133,1.175389381089199
"x:17,y:19","x:9,y:5","x:17,y:15","x:0,y:17","x:2,y:3","x:17,y:16","x:5,y:15","x:4,y:19","[(6, 3), (4, 1), (0, 2), (5, 7)]",43.68727566295907,45.72319452355575,1.04660210163489
"x:5,y:15","x:4,y:14","x:12,y:8","x:3,y:12","x:12,y:18","x:0,y:5","x:5,y:17","x:11,y:12","[(6, 3), (4, 1), (0, 2), (5, 7)]",32.91649611351458,36.99925864381281,1.1240339347243573
"x:16,y:15","x:4,y:10","x:7,y:13","x:1,y:10","x:13,y:14","x:6,y:2","x:10,y:17","x:0,y:3","[(6, 3), (4, 1), (0, 2), (5, 7)]",32.80138937657064,33.884151906868865,1.0330096544956604
"x:9,y:11","x:5,y:5","x:12,y:9","x:1,y:19","x:2,y:5","x:10,y:16","x:1,y:0","x:3,y:15","[(6, 3), (4, 1), (0, 2), (5, 7)]",37.91126730825113,40.508752727970695,1.0685148665329434
"x:1,y:5","x:11,y:15","x:16,y:19","x:8,y:5","x:8,y:11","x:9,y:20","x:20,y:9","x:20,y:9","[(6, 3), (4, 1), (0, 2), (5, 7)]",46.66599523871878,55.27384493334778,1.1844565759413412
"x:15,y:3","x:12,y:11","x:16,y:11","x:19,y:7","x:15,y:11","x:15,y:16","x:18,y:6","x:6,y:4","[(6, 3), (4, 1), (0, 2), (5, 7)]",31.774497135928346,32.439088914585774,1.0209158865934012
"x:2,y:20","x:5,y:2","x:2,y:10","x:12,y:6","x:17,y:9","x:4,y:13","x:1,y:9","x:11,y:17","[(6, 3), (4, 1), (0, 2), (5, 7)]",46.35885711015604,53.56172888505848,1.1553720739445166
"x:13,y:3","x:14,y:12","x:1,y:12","x:3,y:15","x:11,y:4","x:10,y:10","x:4,y:7","x:1,y:12","[(6, 3), (4, 1), (0, 2), (5, 7)]",33.211102550927976,39.92025705985401,1.2020154103176128
"x:9,y:18","x:14,y:6","x:14,y:15","x:13,y:12","x:13,y:9","x:17,y:19","x:0,y:2","x:6,y:10","[(6, 3), (4, 1), (0, 2), (5, 7)]",37.22657502704753,40.49787485276113,1.0878753907211927
"x:4,y:18","x:12,y:10","x:20,y:18","x:3,y:6","x:2,y:20","x:2,y:16","x:20,y:1","x:15,y:10","[(6, 3), (4, 1), (0, 2), (5, 7)]",51.06879998927649,55.87938636669017,1.0941981479577318
"x:11,y:18","x:9,y:13","x:0,y:13","x:2,y:12","x:2,y:3","x:3,y:18","x:8,y:11","x:16,y:10","[(6, 3), (4, 1), (0, 2), (5, 7)]",40.609749812958555,42.59669437293227,1.0489277715111578
"x:12,y:1","x:1,y:18","x:4,y:11","x:20,y:20","x:15,y:5","x:1,y:5","x:14,y:3","x:12,y:20","[(6, 3), (4, 1), (0, 2), (5, 7)]",60.39404986804871,66.49507525681136,1.1010203058429169
"x:16,y:14","x:1,y:7","x:4,y:16","x:10,y:11","x:15,y:8","x:17,y:8","x:20,y:0","x:13,y:8","[(6, 3), (4, 1), (0, 2), (5, 7)]",45.63420828534932,46.87469355164619,1.0271832318978815
"x:4,y:10","x:2,y:9","x:4,y:1","x:16,y:0","x:12,y:4","x:16,y:8","x:12,y:2","x:2,y:14","[(6, 3), (4, 1), (0, 2), (5, 7)]",39.5453980694907,46.78022833249826,1.1829499920646704
"x:5,y:20","x:9,y:2","x:15,y:2","x:4,y:10","x:15,y:13","x:20,y:11","x:4,y:1","x:13,y:16","[(6, 3), (4, 1), (0, 2), (5, 7)]",52.251167966098556,62.724554222761085,1.2004431032710663
"x:7,y:3","x:16,y:13","x:3,y:13","x:15,y:16","x:13,y:14","x:18,y:3","x:0,y:19","x:16,y:19","[(6, 3), (4, 1), (0, 2), (5, 7)]",46.879430640157786,49.19887189588988,1.0494767368984472
"x:6,y:12","x:14,y:13","x:9,y:0","x:9,y:4","x:8,y:14","x:19,y:6","x:11,y:2","x:18,y:10","[(6, 3), (4, 1), (0, 2), (5, 7)]",32.23515327547198,39.45660177184667,1.2240240161001361
"x:20,y:15","x:20,y:17","x:12,y:14","x:12,y:20","x:2,y:0","x:1,y:16","x:9,y:15","x:17,y:10","[(6, 3), (4, 1), (0, 2), (5, 7)]",47.32078297747178,52.93655608333568,1.1186745601512433
"x:2,y:19","x:5,y:13","x:13,y:6","x:15,y:2","x:16,y:20","x:5,y:4","x:20,y:0","x:5,y:8","[(6, 3), (4, 1), (0, 2), (5, 7)]",46.85012075627407,46.85012075627407,1.0
"x:18,y:6","x:10,y:0","x:17,y:15","x:6,y:13","x:14,y:17","x:20,y:17","x:14,y:12","x:13,y:10","[(6, 3), (4, 1), (0, 2), (5, 7)]",44.80269288574314,55.32153194184747,1.234781402156556
"x:11,y:5","x:6,y:9","x:5,y:11","x:9,y:3","x:8,y:6","x:10,y:6","x:15,y:16","x:5,y:15","[(6, 3), (4, 1), (0, 2), (5, 7)]",28.64829185124282,28.76072802317258,1.0039247077107978
"x:2,y:16","x:4,y:14","x:3,y:12","x:8,y:13","x:3,y:15","x:15,y:20","x:17,y:4","x:1,y:0","[(6, 3), (4, 1), (0, 2), (5, 7)]",43.9805427864296,47.68251835855338,1.0841730305626434
"x:8,y:16","x:4,y:17","x:11,y:14","x:4,y:13","x:17,y:19","x:1,y:15","x:0,y:2","x:8,y:13","[(6, 3), (4, 1), (0, 2), (5, 7)]",36.88832979772263,37.282778522258646,1.0106930491756871
"x:11,y:7","x:9,y:0","x:3,y:3","x:7,y:19","x:7,y:19","x:9,y:18","x:13,y:3","x:16,y:19","[(6, 3), (4, 1), (0, 2), (5, 7)]",51.30559960951281,55.94087090307828,1.0903463038897223
"x:6,y:2","x:10,y:6","x:7,y:1","x:4,y:17","x:14,y:6","x:17,y:15","x:14,y:8","x:5,y:17","[(6, 3), (4, 1), (0, 2), (5, 7)]",33.76988689132395,41.25671987182909,1.2217014526758345
"x:19,y:10","x:2,y:3","x:8,y:13","x:6,y:10","x:15,y:9","x:9,y:6","x:8,y:12","x:10,y:3","[(6, 3), (4, 1), (0, 2), (5, 7)]",34.93526408891713,37.86584805094811,1.083886125909112
"x:19,y:0","x:6,y:5","x:19,y:12","x:0,y:18","x:7,y:2","x:2,y:6","x:1,y:5","x:20,y:15","[(6, 3), (4, 1), (0, 2), (5, 7)]",52.46867019983482,52.65159081695615,1.003486282698316
"x:1,y:10","x:17,y:7","x:3,y:9","x:4,y:17","x:3,y:9","x:15,y:12","x:9,y:15","x:3,y:18","[(6, 3), (4, 1), (0, 2), (5, 7)]",35.27095071037221,37.50155900910162,1.0632420803466873
"x:6,y:10","x:13,y:19","x:9,y:13","x:13,y:8","x:12,y:4","x:14,y:19","x:3,y:1","x:7,y:13","[(6, 3), (4, 1), (0, 2), (5, 7)]",36.291529849104265,44.558868479179566,1.2278035305882635
"x:18,y:5","x:15,y:10","x:10,y:8","x:2,y:4","x:20,y:5","x:0,y:6","x:11,y:2","x:10,y:7","[(6, 3), (4, 1), (0, 2), (5, 7)]",32.60322371463184,42.7875056573561,1.3123703972301888
"x:13,y:9","x:10,y:8","x:19,y:14","x:13,y:17","x:13,y:3","x:10,y:9","x:10,y:6","x:14,y:0","[(6, 3), (4, 1), (0, 2), (5, 7)]",35.447874169030996,40.7917846655022,1.150754047224076
"x:14,y:14","x:12,y:8","x:15,y:16","x:16,y:5","x:12,y:17","x:8,y:8","x:10,y:17","x:15,y:10","[(6, 3), (4, 1), (0, 2), (5, 7)]",28.14955502078152,28.580497984445348,1.01530905065269
"x:5,y:5","x:12,y:13","x:12,y:20","x:20,y:10","x:19,y:0","x:20,y:1","x:20,y:4","x:16,y:15","[(6, 3), (4, 1), (0, 2), (5, 7)]",38.322743804973015,38.322743804973015,1.0
"x:1,y:10","x:14,y:19","x:17,y:7","x:1,y:5","x:5,y:12","x:5,y:12","x:3,y:8","x:2,y:17","[(6, 3), (4, 1), (0, 2), (5, 7)]",44.417641097146145,48.9457533930947,1.1019440065726382
"x:5,y:20","x:1,y:10","x:4,y:17","x:5,y:5","x:11,y:19","x:1,y:13","x:1,y:14","x:2,y:4","[(6, 3), (4, 1), (0, 2), (5, 7)]",32.06468553529118,33.72162659266102,1.0516749511092558
"x:16,y:6","x:3,y:11","x:15,y:20","x:9,y:9","x:18,y:3","x:17,y:15","x:13,y:7","x:16,y:10","[(6, 3), (4, 1), (0, 2), (5, 7)]",39.81992969478077,39.81992969478077,1.0
"x:15,y:8","x:2,y:13","x:14,y:17","x:18,y:1","x:14,y:19","x:3,y:18","x:9,y:8","x:6,y:12","[(6, 3), (4, 1), (0, 2), (5, 7)]",46.60812362006514,54.743391473130494,1.174546135334293
"x:7,y:12","x:0,y:9","x:20,y:1","x:3,y:8","x:17,y:18","x:9,y:9","x:5,y:12","x:1,y:13","[(6, 3), (4, 1), (0, 2), (5, 7)]",47.4794698561224,47.82850018550432,1.0073511842158218
"x:15,y:10","x:15,y:14","x:1,y:14","x:8,y:10","x:5,y:19","x:13,y:8","x:11,y:16","x:2,y:13","[(6, 3), (4, 1), (0, 2), (5, 7)]",34.224553246751476,34.224553246751476,1.0
"x:13,y:3","x:12,y:12","x:11,y:13","x:13,y:3","x:15,y:11","x:0,y:17","x:17,y:0","x:14,y:14","[(6, 3), (4, 1), (0, 2), (5, 7)]",32.35582950924261,40.602040760477934,1.2548601403923132
"x:18,y:18","x:14,y:15","x:20,y:9","x:5,y:14","x:1,y:0","x:16,y:8","x:14,y:17","x:20,y:9","[(6, 3), (4, 1), (0, 2), (5, 7)]",42.4074399513553,44.13671816288938,1.040777708192659
"x:0,y:12","x:2,y:14","x:13,y:15","x:8,y:2","x:20,y:4","x:13,y:9","x:10,y:14","x:4,y:7","[(6, 3), (4, 1), (0, 2), (5, 7)]",49.08916135397234,55.86031452523411,1.1379358087304916
"x:1,y:20","x:14,y:13","x:4,y:12","x:16,y:9","x:4,y:16","x:8,y:0","x:12,y:4","x:1,y:20","[(6, 3), (4, 1), (0, 2), (5, 7)]",41.66709055917627,46.11825019954436,1.1068267445754698
"x:5,y:6","x:2,y:13","x:2,y:0","x:11,y:17","x:20,y:7","x:9,y:17","x:16,y:10","x:1,y:16","[(6, 3), (4, 1), (0, 2), (5, 7)]",41.15083771387283,41.15083771387283,1.0
"x:12,y:18","x:6,y:8","x:19,y:4","x:2,y:6","x:0,y:7","x:5,y:0","x:13,y:7","x:7,y:14","[(6, 3), (4, 1), (0, 2), (5, 7)]",48.62583828709381,53.18766632138766,1.0938148974905104
"x:1,y:16","x:17,y:2","x:12,y:17","x:8,y:1","x:8,y:11","x:8,y:8","x:8,y:12","x:14,y:8","[(6, 3), (4, 1), (0, 2), (5, 7)]",43.97310940697952,49.96626705585935,1.1362914228650973
"x:12,y:1","x:10,y:7","x:15,y:10","x:18,y:4","x:19,y:17","x:12,y:9","x:3,y:19","x:17,y:20","[(6, 3), (4, 1), (0, 2), (5, 7)]",51.85607549178073,54.17872957278373,1.0447903945482944
"x:16,y:8","x:5,y:10","x:6,y:20","x:5,y:0","x:2,y:5","x:14,y:5","x:11,y:19","x:14,y:10","[(6, 3), (4, 1), (0, 2), (5, 7)]",51.83123286936649,57.70877312470241,1.113397654849335
"x:20,y:3","x:19,y:15","x:6,y:17","x:12,y:11","x:4,y:6","x:14,y:10","x:3,y:5","x:20,y:10","[(6, 3), (4, 1), (0, 2), (5, 7)]",45.318620540958,46.25635550696557,1.0206920456716033
"x:5,y:7","x:10,y:7","x:9,y:3","x:17,y:13","x:20,y:6","x:6,y:9","x:6,y:14","x:9,y:9","[(6, 3), (4, 1), (0, 2), (5, 7)]",34.26089030760204,37.59036750602632,1.097180113199963
"x:0,y:19","x:11,y:16","x:1,y:5","x:10,y:1","x:7,y:17","x:6,y:5","x:18,y:7","x:15,y:0","[(6, 3), (4, 1), (0, 2), (5, 7)]",48.81053123146545,53.659389033261554,1.0993404021521962
"x:10,y:12","x:1,y:5","x:0,y:3","x:9,y:1","x:1,y:14","x:7,y:5","x:1,y:6","x:9,y:15","[(6, 3), (4, 1), (0, 2), (5, 7)]",40.180339887498945,45.59792337197741,1.134831698777242
"x:6,y:13","x:2,y:14","x:0,y:9","x:19,y:1","x:18,y:0","x:15,y:20","x:9,y:15","x:9,y:4","[(6, 3), (4, 1), (0, 2), (5, 7)]",57.9623425249753,64.59343489772137,1.1144034572082522
"x:18,y:6","x:10,y:19","x:2,y:17","x:14,y:4","x:11,y:19","x:13,y:19","x:0,y:8","x:20,y:11","[(6, 3), (4, 1), (0, 2), (5, 7)]",50.128257254823474,60.4209443600573,1.2053270484332155
"x:14,y:15","x:11,y:9","x:11,y:10","x:20,y:16","x:8,y:20","x:6,y:16","x:10,y:6","x:12,y:17","[(6, 3), (4, 1), (0, 2), (5, 7)]",32.79743141626296,35.737754599712574,1.0896510201098133
"x:20,y:8","x:19,y:13","x:16,y:5","x:0,y:8","x:2,y:20","x:6,y:17","x:9,y:17","x:12,y:18","[(6, 3), (4, 1), (0, 2), (5, 7)]",45.51202937229148,45.512029372291494,1.0000000000000002
"x:11,y:14","x:19,y:10","x:4,y:4","x:2,y:20","x:18,y:4","x:19,y:13","x:7,y:18","x:4,y:5","[(6, 3), (4, 1), (0, 2), (5, 7)]",40.58879358621503,47.93193933672265,1.1809155952100416
"x:2,y:16","x:20,y:16","x:10,y:5","x:16,y:18","x:13,y:16","x:8,y:14","x:20,y:12","x:7,y:16","[(6, 3), (4, 1), (0, 2), (5, 7)]",38.300390523833315,45.43946082427438,1.1863968017766975
"x:20,y:14","x:10,y:11","x:18,y:7","x:7,y:10","x:12,y:18","x:1,y:15","x:0,y:13","x:15,y:17","[(6, 3), (4, 1), (0, 2), (5, 7)]",36.56756807710679,47.293677916556966,1.2933230292162983
"x:11,y:11","x:8,y:17","x:15,y:12","x:20,y:13","x:14,y:18","x:3,y:17","x:10,y:11","x:15,y:18","[(6, 3), (4, 1), (0, 2), (5, 7)]",30.34017465091652,30.34017465091652,1.0
"x:10,y:6","x:20,y:16","x:10,y:17","x:3,y:14","x:4,y:5","x:2,y:5","x:18,y:2","x:8,y:3","[(6, 3), (4, 1), (0, 2), (5, 7)]",53.02310346692373,58.702769438491,1.1071168151277735
"x:13,y:11","x:19,y:16","x:0,y:15","x:14,y:16","x:6,y:18","x:15,y:16","x:15,y:11","x:3,y:16","[(6, 3), (4, 1), (0, 2), (5, 7)]",38.19794650778658,38.89267323213099,1.0181875411601717
"x:1,y:17","x:13,y:10","x:0,y:4","x:1,y:13","x:17,y:13","x:9,y:11","x:5,y:6","x:4,y:18","[(6, 3), (4, 1), (0, 2), (5, 7)]",41.00380534293864,41.81426864475773,1.0197655630993445
"x:0,y:16","x:17,y:12","x:15,y:8","x:12,y:11","x:11,y:18","x:9,y:18","x:5,y:18","x:13,y:19","[(6, 3), (4, 1), (0, 2), (5, 7)]",32.7083284491096,33.2941148867365,1.0179093969457447
"x:12,y:15","x:12,y:2","x:4,y:20","x:13,y:8","x:2,y:10","x:0,y:9","x:15,y:1","x:8,y:0","[(6, 3), (4, 1), (0, 2), (5, 7)]",43.638632954387,43.638632954387,1.0
"x:10,y:9","x:12,y:6","x:10,y:1","x:12,y:0","x:4,y:4","x:6,y:1","x:12,y:3","x:7,y:18","[(6, 3), (4, 1), (0, 2), (5, 7)]",38.18021476016823,46.62763037640308,1.2212511288712729
"x:9,y:1","x:7,y:13","x:10,y:17","x:15,y:4","x:11,y:14","x:11,y:20","x:0,y:17","x:13,y:3","[(6, 3), (4, 1), (0, 2), (5, 7)]",42.959212167541395,50.2690704623726,1.1701581087270103
"x:11,y:15","x:6,y:9","x:17,y:10","x:0,y:17","x:11,y:1","x:0,y:2","x:14,y:19","x:4,y:4","[(6, 3), (4, 1), (0, 2), (5, 7)]",49.911781246004,55.899821694677,1.1199724854370412
"x:4,y:0","x:0,y:19","x:8,y:17","x:0,y:12","x:10,y:19","x:0,y:0","x:3,y:19","x:10,y:16","[(6, 3), (4, 1), (0, 2), (5, 7)]",38.586309470348105,44.488676820503905,1.1529653245198666
"x:0,y:20","x:14,y:5","x:7,y:3","x:9,y:6","x:15,y:19","x:6,y:14","x:5,y:12","x:15,y:11","[(6, 3), (4, 1), (0, 2), (5, 7)]",40.71978522202133,41.66848497983937,1.023298250534607
"x:8,y:0","x:3,y:16","x:8,y:5","x:17,y:7","x:11,y:5","x:7,y:3","x:11,y:2","x:9,y:10","[(6, 3), (4, 1), (0, 2), (5, 7)]",36.70830577170136,38.13888897398996,1.0389716488466063
"x:13,y:20","x:6,y:0","x:10,y:17","x:13,y:20","x:8,y:7","x:16,y:10","x:1,y:8","x:15,y:16","[(6, 3), (4, 1), (0, 2), (5, 7)]",41.876638934920926,45.00361015024103,1.0746710169404863
"x:16,y:2","x:16,y:2","x:0,y:13","x:17,y:19","x:10,y:2","x:1,y:6","x:7,y:9","x:6,y:8","[(6, 3), (4, 1), (0, 2), (5, 7)]",50.593336376864954,52.8855881457226,1.0453073849841188
"x:4,y:12","x:13,y:7","x:6,y:4","x:9,y:16","x:12,y:0","x:0,y:3","x:16,y:10","x:15,y:11","[(6, 3), (4, 1), (0, 2), (5, 7)]",42.307743337606325,42.30774333760632,0.9999999999999998
"x:16,y:4","x:12,y:6","x:3,y:0","x:14,y:7","x:11,y:6","x:19,y:8","x:2,y:10","x:6,y:8","[(6, 3), (4, 1), (0, 2), (5, 7)]",36.1669752033689,40.03544385710692,1.1069613544396624
"x:6,y:20","x:5,y:8","x:11,y:7","x:18,y:10","x:14,y:3","x:3,y:15","x:6,y:2","x:8,y:18","[(6, 3), (4, 1), (0, 2), (5, 7)]",45.92195996758839,49.23913203222619,1.0722349844601373
"x:18,y:17","x:15,y:5","x:11,y:6","x:14,y:8","x:5,y:10","x:16,y:1","x:19,y:3","x:19,y:10","[(6, 3), (4, 1), (0, 2), (5, 7)]",34.51285133602389,34.5128513360239,1.0000000000000002
"x:15,y:4","x:13,y:16","x:2,y:7","x:20,y:18","x:11,y:19","x:16,y:15","x:0,y:9","x:1,y:13","[(6, 3), (4, 1), (0, 2), (5, 7)]",51.433538494505186,57.60278922232237,1.1199460684291878
"x:9,y:7","x:20,y:7","x:19,y:5","x:6,y:8","x:20,y:6","x:6,y:19","x:18,y:0","x:12,y:6","[(6, 3), (4, 1), (0, 2), (5, 7)]",38.19810508365659,38.45739572898228,1.0067880499505883
"x:15,y:8","x:7,y:20","x:16,y:11","x:1,y:9","x:19,y:20","x:15,y:5","x:6,y:19","x:20,y:3","[(6, 3), (4, 1), (0, 2), (5, 7)]",45.62882889768006,45.62882889768006,1.0
"x:4,y:19","x:16,y:7","x:0,y:12","x:17,y:7","x:9,y:20","x:16,y:7","x:18,y:13","x:10,y:4","[(6, 3), (4, 1), (0, 2), (5, 7)]",38.3539979756803,46.06122693695321,1.200949819264212
"x:13,y:0","x:2,y:11","x:13,y:0","x:0,y:4","x:16,y:18","x:17,y:17","x:7,y:2","x:13,y:13","[(6, 3), (4, 1), (0, 2), (5, 7)]",43.24226017301386,45.81162747792546,1.0594179697044388
"x:7,y:1","x:5,y:2","x:12,y:3","x:14,y:4","x:17,y:3","x:10,y:1","x:7,y:16","x:12,y:8","[(6, 3), (4, 1), (0, 2), (5, 7)]",31.591844973936453,35.3224755112299,1.1180884035222143
"x:9,y:3","x:0,y:11","x:7,y:17","x:2,y:13","x:5,y:9","x:11,y:19","x:17,y:2","x:17,y:18","[(6, 3), (4, 1), (0, 2), (5, 7)]",40.05981014670337,40.05981014670337,1.0
"x:9,y:13","x:11,y:4","x:17,y:6","x:16,y:18","x:12,y:2","x:2,y:8","x:19,y:10","x:12,y:8","[(6, 3), (4, 1), (0, 2), (5, 7)]",39.19375527245699,42.00172920673793,1.0716434012194338
"x:14,y:5","x:9,y:5","x:4,y:10","x:10,y:7","x:1,y:19","x:13,y:20","x:2,y:17","x:18,y:8","[(6, 3), (4, 1), (0, 2), (5, 7)]",40.93258573177904,42.396597731068965,1.0357664186886024
"x:7,y:20","x:20,y:8","x:5,y:10","x:5,y:4","x:14,y:3","x:10,y:7","x:7,y:15","x:6,y:7","[(6, 3), (4, 1), (0, 2), (5, 7)]",34.176824052870295,34.176824052870295,1.0
"x:2,y:3","x:20,y:3","x:16,y:19","x:0,y:6","x:0,y:3","x:4,y:11","x:16,y:11","x:20,y:13","[(6, 3), (4, 1), (0, 2), (5, 7)]",63.34488391300061,68.58684542825864,1.0827527211583097
"x:2,y:7","x:17,y:12","x:9,y:19","x:14,y:18","x:10,y:10","x:2,y:0","x:2,y:6","x:13,y:4","[(6, 3), (4, 1), (0, 2), (5, 7)]",44.50023717859167,47.44450908859083,1.0661630610682589
"x:6,y:8","x:7,y:16","x:2,y:12","x:16,y:14","x:8,y:1","x:6,y:13","x:19,y:18","x:2,y:9","[(6, 3), (4, 1), (0, 2), (5, 7)]",35.90814325797711,39.14898983524157,1.0902538054942315
"x:5,y:19","x:2,y:1","x:10,y:12","x:6,y:3","x:18,y:13","x:12,y:9","x:13,y:14","x:2,y:19","[(6, 3), (4, 1), (0, 2), (5, 7)]",41.42298809696827,49.90227913906067,1.2047001298468132
"x:3,y:9","x:7,y:8","x:18,y:17","x:10,y:14","x:0,y:19","x:3,y:13","x:17,y:12","x:6,y:11","[(6, 3), (4, 1), (0, 2), (5, 7)]",34.46071354646904,39.457487538047666,1.144999144746108
"x:17,y:11","x:16,y:10","x:4,y:11","x:4,y:19","x:3,y:3","x:14,y:18","x:4,y:15","x:19,y:5","[(6, 3), (4, 1), (0, 2), (5, 7)]",44.55363445675226,55.78668752606749,1.2521242813584383
"x:20,y:19","x:11,y:17","x:3,y:20","x:11,y:10","x:11,y:0","x:5,y:11","x:18,y:13","x:7,y:19","[(6, 3), (4, 1), (0, 2), (5, 7)]",45.618332537116125,50.676770395009356,1.1108860753245984
"x:5,y:2","x:13,y:15","x:3,y:11","x:14,y:13","x:13,y:20","x:2,y:11","x:19,y:14","x:15,y:19","[(6, 3), (4, 1), (0, 2), (5, 7)]",35.56102954015426,45.737865405873464,1.2861794497324066
"x:14,y:6","x:3,y:12","x:9,y:10","x:11,y:9","x:16,y:12","x:16,y:9","x:10,y:2","x:15,y:3","[(6, 3), (4, 1), (0, 2), (5, 7)]",33.53611031976012,35.86743608508319,1.069516880255174
"x:19,y:18","x:6,y:0","x:5,y:20","x:14,y:3","x:11,y:6","x:12,y:14","x:4,y:17","x:4,y:13","[(6, 3), (4, 1), (0, 2), (5, 7)]",49.981221430745336,56.34913623019236,1.1274061460916975
"x:17,y:5","x:16,y:9","x:18,y:18","x:0,y:4","x:16,y:3","x:13,y:6","x:14,y:18","x:13,y:3","[(6, 3), (4, 1), (0, 2), (5, 7)]",47.9508013490679,51.22410246789574,1.0682637417255898
"x:16,y:8","x:7,y:7","x:1,y:11","x:13,y:7","x:6,y:15","x:10,y:12","x:14,y:17","x:17,y:9","[(6, 3), (4, 1), (0, 2), (5, 7)]",40.33387173317751,45.37582401377597,1.125005412670341
"x:5,y:6","x:1,y:9","x:10,y:8","x:19,y:10","x:19,y:12","x:19,y:4","x:8,y:10","x:8,y:10","[(6, 3), (4, 1), (0, 2), (5, 7)]",40.28465974374617,44.79632432044685,1.1119946055247762
"x:10,y:13","x:1,y:16","x:6,y:10","x:11,y:8","x:14,y:2","x:1,y:0","x:5,y:8","x:13,y:0","[(6, 3), (4, 1), (0, 2), (5, 7)]",43.52859688214156,48.649528827218475,1.1176452335218248
"x:18,y:18","x:8,y:5","x:7,y:6","x:13,y:20","x:15,y:9","x:14,y:8","x:20,y:19","x:8,y:15","[(6, 3), (4, 1), (0, 2), (5, 7)]",36.48843293156836,49.44093494232567,1.3549755626680067
"x:12,y:5","x:12,y:11","x:5,y:10","x:8,y:17","x:5,y:3","x:5,y:5","x:10,y:8","x:11,y:19","[(6, 3), (4, 1), (0, 2), (5, 7)]",36.46947544557279,42.84651108838037,1.17485953841932
"x:1,y:1","x:19,y:3","x:16,y:18","x:12,y:7","x:2,y:7","x:6,y:12","x:11,y:16","x:7,y:19","[(6, 3), (4, 1), (0, 2), (5, 7)]",54.32685836673707,60.71230661716794,1.117537594523237
"x:18,y:13","x:1,y:10","x:9,y:10","x:9,y:3","x:6,y:18","x:19,y:15","x:0,y:17","x:18,y:14","[(6, 3), (4, 1), (0, 2), (5, 7)]",42.41779020523306,43.479003614530754,1.0250181210327824
"x:7,y:13","x:17,y:18","x:14,y:17","x:5,y:4","x:12,y:14","x:17,y:4","x:6,y:7","x:0,y:13","[(6, 3), (4, 1), (0, 2), (5, 7)]",43.79649722689056,44.63831304104017,1.0192210762835332
"x:3,y:18","x:19,y:13","x:8,y:10","x:19,y:14","x:2,y:3","x:2,y:5","x:17,y:3","x:10,y:2","[(6, 3), (4, 1), (0, 2), (5, 7)]",46.057341392331836,57.309779794668415,1.244313676434003
"x:20,y:7","x:10,y:13","x:7,y:4","x:18,y:15","x:9,y:10","x:8,y:11","x:3,y:10","x:19,y:5","[(6, 3), (4, 1), (0, 2), (5, 7)]",46.029418115137375,55.5658397057227,1.2071810155568565
"x:16,y:7","x:10,y:14","x:12,y:0","x:1,y:7","x:13,y:16","x:0,y:8","x:9,y:16","x:9,y:6","[(6, 3), (4, 1), (0, 2), (5, 7)]",39.30809670172623,45.665438858192935,1.161731111142492
"x:17,y:17","x:0,y:17","x:7,y:19","x:18,y:3","x:20,y:4","x:11,y:12","x:2,y:9","x:2,y:18","[(6, 3), (4, 1), (0, 2), (5, 7)]",53.80778278846115,63.517536872224085,1.1804525958992897
"x:14,y:2","x:3,y:18","x:12,y:7","x:16,y:11","x:1,y:4","x:16,y:6","x:14,y:11","x:14,y:0","[(6, 3), (4, 1), (0, 2), (5, 7)]",42.61126741033915,45.725745957193176,1.073090493105078
"x:7,y:6","x:7,y:13","x:3,y:19","x:2,y:14","x:12,y:6","x:0,y:6","x:10,y:15","x:17,y:12","[(6, 3), (4, 1), (0, 2), (5, 7)]",45.115660182210505,49.81901488487608,1.1042510446188738
"x:2,y:7","x:3,y:10","x:1,y:7","x:20,y:19","x:18,y:10","x:3,y:12","x:8,y:0","x:2,y:6","[(6, 3), (4, 1), (0, 2), (5, 7)]",45.42230087370653,47.61363858679743,1.0482436528079841
"x:15,y:13","x:3,y:13","x:13,y:17","x:9,y:9","x:5,y:6","x:19,y:9","x:15,y:14","x:15,y:14","[(6, 3), (4, 1), (0, 2), (5, 7)]",30.352765090143542,33.049108604154576,1.0888335380978722
"x:13,y:12","x:14,y:5","x:20,y:10","x:20,y:0","x:14,y:16","x:20,y:11","x:4,y:18","x:3,y:3","[(6, 3), (4, 1), (0, 2), (5, 7)]",52.99586522606914,55.47316159326148,1.046745087689855
"x:0,y:10","x:8,y:16","x:6,y:8","x:17,y:0","x:19,y:5","x:5,y:16","x:16,y:5","x:17,y:15","[(6, 3), (4, 1), (0, 2), (5, 7)]",47.90941969114272,52.3635167593984,1.0929691300159732
"x:18,y:7","x:0,y:9","x:17,y:6","x:0,y:9","x:8,y:13","x:19,y:11","x:8,y:12","x:9,y:20","[(6, 3), (4, 1), (0, 2), (5, 7)]",35.60601479224747,35.60601479224747,1.0
"x:2,y:16","x:17,y:13","x:6,y:8","x:6,y:0","x:12,y:14","x:0,y:5","x:7,y:6","x:18,y:9","[(6, 3), (4, 1), (0, 2), (5, 7)]",41.67871286374556,41.67871286374556,1.0
"x:2,y:1","x:18,y:5","x:10,y:12","x:6,y:0","x:3,y:12","x:16,y:16","x:7,y:13","x:15,y:5","[(6, 3), (4, 1), (0, 2), (5, 7)]",48.58025166430657,62.056202441528555,1.2773956559620538
"x:5,y:17","x:14,y:7","x:11,y:7","x:3,y:3","x:17,y:18","x:15,y:9","x:5,y:0","x:14,y:19","[(6, 3), (4, 1), (0, 2), (5, 7)]",42.65994823394282,50.899424824765816,1.1931431455481039
"x:3,y:7","x:1,y:8","x:1,y:15","x:17,y:11","x:19,y:17","x:15,y:17","x:16,y:5","x:10,y:1","[(6, 3), (4, 1), (0, 2), (5, 7)]",52.2114699065729,61.21661973345016,1.1724745509557777
"x:0,y:1","x:12,y:14","x:9,y:3","x:20,y:17","x:4,y:19","x:12,y:9","x:8,y:18","x:20,y:0","[(6, 3), (4, 1), (0, 2), (5, 7)]",53.15828098354107,59.83727398892672,1.1256435099444546
"x:5,y:7","x:20,y:18","x:4,y:14","x:14,y:16","x:4,y:7","x:1,y:8","x:17,y:5","x:9,y:11","[(6, 3), (4, 1), (0, 2), (5, 7)]",42.648405070169126,50.99795143900891,1.1957762864778256
"x:5,y:9","x:1,y:6","x:4,y:15","x:4,y:5","x:9,y:10","x:10,y:17","x:11,y:13","x:11,y:9","[(6, 3), (4, 1), (0, 2), (5, 7)]",33.873646049140454,34.83089293439512,1.0282593401332114
"x:18,y:19","x:18,y:12","x:0,y:1","x:3,y:0","x:6,y:2","x:2,y:5","x:11,y:14","x:16,y:16","[(6, 3), (4, 1), (0, 2), (5, 7)]",53.247634481927385,56.58730500608498,1.0627196035401554
"x:15,y:4","x:18,y:0","x:5,y:3","x:14,y:6","x:0,y:3","x:9,y:5","x:17,y:16","x:3,y:7","[(6, 3), (4, 1), (0, 2), (5, 7)]",41.766930842972876,43.45600746055819,1.0404405251593796
"x:4,y:3","x:1,y:9","x:19,y:6","x:10,y:14","x:7,y:1","x:19,y:5","x:16,y:14","x:6,y:1","[(6, 3), (4, 1), (0, 2), (5, 7)]",47.58638782741184,62.680762694741404,1.3171994252237516
"x:7,y:8","x:14,y:16","x:4,y:19","x:14,y:20","x:9,y:19","x:10,y:19","x:13,y:13","x:7,y:1","[(6, 3), (4, 1), (0, 2), (5, 7)]",45.051766821814994,65.20564195673546,1.447349272995916
"x:18,y:8","x:0,y:13","x:19,y:8","x:10,y:19","x:19,y:1","x:9,y:13","x:7,y:14","x:20,y:2","[(6, 3), (4, 1), (0, 2), (5, 7)]",54.16683099461333,60.5021824770918,1.116959980234186
"x:8,y:0","x:7,y:8","x:19,y:0","x:12,y:6","x:10,y:2","x:11,y:15","x:6,y:7","x:4,y:8","[(6, 3), (4, 1), (0, 2), (5, 7)]",36.43874596736028,40.594583335989284,1.1140499558451205
"x:2,y:18","x:12,y:4","x:13,y:19","x:12,y:13","x:10,y:7","x:0,y:0","x:13,y:4","x:9,y:2","[(6, 3), (4, 1), (0, 2), (5, 7)]",40.8833258760431,40.88332587604311,1.0000000000000002
"x:8,y:4","x:5,y:13","x:2,y:12","x:7,y:9","x:20,y:4","x:17,y:3","x:12,y:0","x:11,y:9","[(6, 3), (4, 1), (0, 2), (5, 7)]",34.03784641266007,34.50741995578654,1.013795630235637
"x:2,y:16","x:9,y:14","x:17,y:1","x:8,y:11","x:10,y:16","x:14,y:9","x:19,y:1","x:13,y:14","[(6, 3), (4, 1), (0, 2), (5, 7)]",38.24909506332396,39.9004776491611,1.0431744223779191
"x:8,y:17","x:15,y:20","x:2,y:19","x:16,y:2","x:13,y:1","x:4,y:2","x:19,y:3","x:8,y:19","[(6, 3), (4, 1), (0, 2), (5, 7)]",46.29973828693644,50.1698920010509,1.083589105625818
"x:5,y:16","x:5,y:5","x:17,y:5","x:18,y:10","x:16,y:6","x:12,y:3","x:2,y:4","x:5,y:12","[(6, 3), (4, 1), (0, 2), (5, 7)]",48.99969234942123,55.198039027185565,1.1264976652009029
"x:20,y:3","x:3,y:3","x:6,y:11","x:5,y:19","x:7,y:20","x:5,y:4","x:2,y:1","x:12,y:8","[(6, 3), (4, 1), (0, 2), (5, 7)]",52.484756018830566,59.64522912244395,1.1364295777814866
"x:10,y:15","x:0,y:12","x:0,y:18","x:9,y:17","x:5,y:12","x:14,y:7","x:8,y:0","x:19,y:2","[(6, 3), (4, 1), (0, 2), (5, 7)]",49.37877165644436,49.378771656444364,1.0000000000000002
"x:10,y:8","x:3,y:0","x:20,y:2","x:0,y:17","x:18,y:18","x:16,y:13","x:10,y:2","x:11,y:11","[(6, 3), (4, 1), (0, 2), (5, 7)]",59.95776246886587,64.99079125111207,1.0839429053887675
"x:2,y:9","x:3,y:8","x:9,y:1","x:20,y:3","x:7,y:4","x:17,y:17","x:7,y:9","x:15,y:11","[(6, 3), (4, 1), (0, 2), (5, 7)]",44.5652067221779,48.48739106619792,1.0880100112285163
"x:6,y:9","x:9,y:0","x:12,y:5","x:7,y:13","x:15,y:16","x:18,y:14","x:5,y:3","x:5,y:8","[(6, 3), (4, 1), (0, 2), (5, 7)]",39.49234510793213,40.777099630841285,1.032531735438803
"x:17,y:11","x:17,y:7","x:9,y:1","x:0,y:18","x:13,y:12","x:5,y:18","x:1,y:1","x:12,y:2","[(6, 3), (4, 1), (0, 2), (5, 7)]",52.6658560753931,55.6658560753931,1.056962902030974
