"x:1,y:3","x:17,y:17","x:12,y:4","x:15,y:11","x:7,y:2","x:20,y:14","x:15,y:0","x:15,y:14","[(6, 3), (4, 1), (0, 2), (5, 7)]",39.89449089276895,42.755537336869764,1.0717153266046413
"x:14,y:13","x:10,y:19","x:19,y:3","x:11,y:7","x:15,y:1","x:5,y:12","x:2,y:0","x:18,y:13","[(6, 3), (4, 1), (0, 2), (5, 7)]",56.571251739098756,59.89745204466005,1.0587966538357931
"x:11,y:13","x:2,y:7","x:3,y:18","x:18,y:14","x:13,y:7","x:9,y:10","x:11,y:13","x:4,y:12","[(6, 3), (4, 1), (0, 2), (5, 7)]",35.88092983365508,37.0779902985964,1.0333620246323303
"x:0,y:10","x:14,y:1","x:0,y:19","x:20,y:3","x:1,y:0","x:0,y:7","x:20,y:20","x:11,y:5","[(6, 3), (4, 1), (0, 2), (5, 7)]",58.575963019701184,58.57596301970118,0.9999999999999999
"x:19,y:1","x:7,y:17","x:6,y:17","x:14,y:6","x:20,y:16","x:13,y:15","x:9,y:0","x:17,y:16","[(6, 3), (4, 1), (0, 2), (5, 7)]",44.362274812099464,45.14152825988778,1.0175656782951035
"x:3,y:8","x:19,y:1","x:20,y:1","x:15,y:20","x:3,y:4","x:19,y:10","x:12,y:8","x:4,y:1","[(6, 3), (4, 1), (0, 2), (5, 7)]",53.95449840010015,66.4164878389476,1.2309722045126885
"x:19,y:17","x:6,y:1","x:20,y:12","x:13,y:7","x:1,y:16","x:5,y:7","x:17,y:2","x:9,y:18","[(6, 3), (4, 1), (0, 2), (5, 7)]",54.83237818102639,64.02871338608077,1.1677172413476784
"x:0,y:7","x:15,y:11","x:13,y:2","x:6,y:6","x:11,y:15","x:6,y:10","x:14,y:14","x:13,y:9","[(6, 3), (4, 1), (0, 2), (5, 7)]",35.80208811989565,38.3635726321962,1.0715456736412283
"x:0,y:4","x:20,y:13","x:19,y:6","x:18,y:2","x:13,y:7","x:20,y:15","x:19,y:19","x:9,y:9","[(6, 3), (4, 1), (0, 2), (5, 7)]",48.37411246595509,60.766500663579215,1.2561780995226668
"x:5,y:4","x:3,y:8","x:8,y:5","x:17,y:4","x:9,y:4","x:19,y:14","x:0,y:18","x:12,y:20","[(6, 3), (4, 1), (0, 2), (5, 7)]",50.70086890499588,51.90599890561286,1.0237694151332037
"x:14,y:10","x:9,y:20","x:14,y:16","x:18,y:13","x:7,y:15","x:4,y:14","x:2,y:16","x:12,y:13","[(6, 3), (4, 1), (0, 2), (5, 7)]",31.366585674647567,32.22999989422473,1.0275265605422599
"x:5,y:8","x:3,y:12","x:16,y:10","x:18,y:5","x:19,y:9","x:1,y:18","x:9,y:6","x:13,y:5","[(6, 3), (4, 1), (0, 2), (5, 7)]",46.12983166796861,51.01439274058171,1.105887251177741
"x:7,y:13","x:18,y:16","x:5,y:9","x:9,y:14","x:9,y:10","x:5,y:18","x:18,y:17","x:10,y:17","[(6, 3), (4, 1), (0, 2), (5, 7)]",29.456334086765672,38.102826666424555,1.293535935401535
"x:9,y:0","x:14,y:8","x:20,y:7","x:12,y:18","x:19,y:17","x:17,y:10","x:17,y:1","x:6,y:19","[(6, 3), (4, 1), (0, 2), (5, 7)]",51.57175542096951,57.15443075769601,1.108250636247618
"x:5,y:19","x:7,y:12","x:6,y:13","x:11,y:13","x:17,y:17","x:1,y:3","x:11,y:15","x:9,y:4","[(6, 3), (4, 1), (0, 2), (5, 7)]",36.25310603815961,36.2531060381596,0.9999999999999998
"x:20,y:11","x:1,y:8","x:0,y:2","x:17,y:13","x:9,y:9","x:15,y:15","x:6,y:2","x:6,y:5","[(6, 3), (4, 1), (0, 2), (5, 7)]",45.82485937511378,57.48676316480438,1.2544885886987327
"x:12,y:4","x:8,y:6","x:6,y:5","x:2,y:13","x:19,y:6","x:14,y:3","x:5,y:17","x:1,y:11","[(6, 3), (4, 1), (0, 2), (5, 7)]",30.931028551355308,31.270699452686117,1.0109815585591293
"x:5,y:3","x:20,y:10","x:3,y:7","x:7,y:6","x:2,y:6","x:12,y:1","x:3,y:0","x:10,y:4","[(6, 3), (4, 1), (0, 2), (5, 7)]",36.65323719240432,39.29867573169817,1.0721747584096628
"x:2,y:2","x:3,y:8","x:9,y:4","x:0,y:20","x:7,y:3","x:7,y:16","x:0,y:0","x:2,y:20","[(6, 3), (4, 1), (0, 2), (5, 7)]",39.6102568804061,40.83311655750123,1.0308722985762822
"x:6,y:9","x:17,y:4","x:6,y:14","x:19,y:0","x:14,y:10","x:20,y:4","x:4,y:4","x:16,y:12","[(6, 3), (4, 1), (0, 2), (5, 7)]",41.73292855023429,43.86870982912131,1.051177364088316
"x:7,y:13","x:16,y:13","x:16,y:18","x:1,y:18","x:11,y:1","x:12,y:6","x:15,y:8","x:1,y:17","[(6, 3), (4, 1), (0, 2), (5, 7)]",43.91567333998475,47.66723685908679,1.0854265284755702
"x:15,y:4","x:10,y:14","x:18,y:11","x:0,y:4","x:5,y:11","x:20,y:2","x:5,y:9","x:6,y:18","[(6, 3), (4, 1), (0, 2), (5, 7)]",42.23543760799067,42.23543760799067,1.0
"x:9,y:1","x:4,y:15","x:13,y:15","x:18,y:18","x:15,y:13","x:20,y:4","x:15,y:19","x:10,y:5","[(6, 3), (4, 1), (0, 2), (5, 7)]",44.711564912666404,44.711564912666404,1.0
"x:8,y:13","x:0,y:2","x:1,y:2","x:18,y:17","x:13,y:7","x:6,y:20","x:13,y:13","x:9,y:3","[(6, 3), (4, 1), (0, 2), (5, 7)]",46.11209073702261,46.11209073702261,1.0
"x:5,y:1","x:4,y:19","x:18,y:15","x:20,y:4","x:16,y:16","x:15,y:19","x:20,y:8","x:14,y:9","[(6, 3), (4, 1), (0, 2), (5, 7)]",48.940844514371264,49.86705419703985,1.0189250858226733
"x:7,y:0","x:1,y:17","x:14,y:13","x:19,y:18","x:17,y:18","x:17,y:12","x:3,y:6","x:5,y:5","[(6, 3), (4, 1), (0, 2), (5, 7)]",56.253081158635496,75.56514064145487,1.3433066968964553
"x:20,y:7","x:1,y:9","x:14,y:10","x:6,y:5","x:4,y:19","x:2,y:12","x:13,y:13","x:20,y:3","[(6, 3), (4, 1), (0, 2), (5, 7)]",44.981508671953605,52.31341853166419,1.1629983092203864
"x:4,y:12","x:8,y:2","x:4,y:16","x:17,y:16","x:3,y:11","x:7,y:3","x:6,y:20","x:9,y:10","[(6, 3), (4, 1), (0, 2), (5, 7)]",40.33908665480554,44.60255729799689,1.1056908075206369
"x:12,y:15","x:20,y:8","x:2,y:16","x:18,y:9","x:14,y:9","x:15,y:1","x:5,y:8","x:15,y:8","[(6, 3), (4, 1), (0, 2), (5, 7)]",39.242375279636335,43.11937950279038,1.098796369881461
"x:3,y:9","x:6,y:7","x:9,y:17","x:6,y:8","x:17,y:7","x:5,y:7","x:11,y:0","x:5,y:17","[(6, 3), (4, 1), (0, 2), (5, 7)]",34.89650810031702,35.31072166269012,1.0118697710722906
"x:6,y:16","x:0,y:4","x:6,y:12","x:0,y:20","x:15,y:18","x:10,y:2","x:18,y:4","x:0,y:14","[(6, 3), (4, 1), (0, 2), (5, 7)]",53.98835005605053,53.98835005605054,1.0000000000000002
"x:19,y:8","x:13,y:8","x:5,y:3","x:7,y:19","x:20,y:9","x:17,y:18","x:13,y:7","x:11,y:6","[(6, 3), (4, 1), (0, 2), (5, 7)]",41.92515327698801,47.87070718699317,1.1418135282827593
"x:18,y:11","x:6,y:7","x:6,y:14","x:20,y:8","x:4,y:5","x:20,y:12","x:1,y:4","x:19,y:17","[(6, 3), (4, 1), (0, 2), (5, 7)]",43.43271804988194,43.43271804988195,1.0000000000000002
"x:8,y:1","x:14,y:18","x:1,y:10","x:2,y:2","x:13,y:3","x:14,y:9","x:3,y:7","x:7,y:18","[(6, 3), (4, 1), (0, 2), (5, 7)]",45.38885301907084,47.1245154965971,1.0382398400064659
"x:4,y:16","x:5,y:9","x:7,y:19","x:9,y:18","x:15,y:12","x:20,y:3","x:0,y:12","x:18,y:10","[(6, 3), (4, 1), (0, 2), (5, 7)]",37.33745734793984,45.773500651268144,1.2259404871819366
"x:13,y:12","x:11,y:15","x:13,y:0","x:13,y:5","x:12,y:11","x:18,y:6","x:17,y:3","x:11,y:9","[(6, 3), (4, 1), (0, 2), (5, 7)]",29.163816367292043,30.46572317328499,1.0446411673148877
"x:7,y:13","x:11,y:11","x:1,y:18","x:5,y:11","x:8,y:6","x:6,y:19","x:0,y:20","x:1,y:17","[(6, 3), (4, 1), (0, 2), (5, 7)]",28.908180935827584,34.21706604467797,1.1836464605170218
"x:17,y:20","x:20,y:18","x:4,y:5","x:16,y:2","x:6,y:10","x:5,y:13","x:3,y:18","x:3,y:17","[(6, 3), (4, 1), (0, 2), (5, 7)]",65.0399369781958,76.50307862192084,1.1762477360266812
"x:0,y:17","x:16,y:4","x:19,y:6","x:4,y:13","x:14,y:8","x:17,y:11","x:11,y:5","x:5,y:13","[(6, 3), (4, 1), (0, 2), (5, 7)]",37.46246354131381,38.20873352925427,1.0199204728519113
"x:5,y:10","x:12,y:13","x:15,y:6","x:10,y:20","x:7,y:1","x:0,y:15","x:18,y:6","x:17,y:4","[(6, 3), (4, 1), (0, 2), (5, 7)]",47.02131998081778,50.85023995220577,1.081429444621078
"x:3,y:15","x:17,y:19","x:16,y:5","x:18,y:19","x:2,y:0","x:12,y:2","x:12,y:15","x:9,y:15","[(6, 3), (4, 1), (0, 2), (5, 7)]",45.20624094326267,56.50821066719943,1.250009058221001
"x:13,y:17","x:0,y:20","x:10,y:15","x:15,y:19","x:19,y:19","x:11,y:4","x:13,y:16","x:1,y:20","[(6, 3), (4, 1), (0, 2), (5, 7)]",39.174724406905796,39.174724406905796,1.0
"x:3,y:1","x:7,y:7","x:17,y:18","x:5,y:12","x:10,y:20","x:16,y:18","x:18,y:13","x:4,y:3","[(6, 3), (4, 1), (0, 2), (5, 7)]",50.42487649309546,56.658530482403904,1.1236225931096133
"x:7,y:20","x:3,y:9","x:14,y:5","x:10,y:4","x:19,y:13","x:15,y:2","x:10,y:5","x:12,y:10","[(6, 3), (4, 1), (0, 2), (5, 7)]",40.4058132089643,40.4058132089643,1.0
"x:3,y:3","x:18,y:1","x:19,y:12","x:5,y:14","x:19,y:4","x:13,y:2","x:18,y:18","x:19,y:12","[(6, 3), (4, 1), (0, 2), (5, 7)]",45.99540583391572,45.99540583391572,1.0
"x:9,y:7","x:20,y:2","x:15,y:13","x:3,y:18","x:18,y:7","x:0,y:11","x:11,y:19","x:2,y:20","[(6, 3), (4, 1), (0, 2), (5, 7)]",45.70385149646266,45.70385149646266,1.0
"x:7,y:4","x:1,y:12","x:0,y:1","x:8,y:12","x:0,y:8","x:6,y:10","x:12,y:19","x:6,y:6","[(6, 3), (4, 1), (0, 2), (5, 7)]",33.6350232832967,35.8656315820261,1.0663180245169366
"x:1,y:3","x:9,y:10","x:4,y:2","x:8,y:5","x:2,y:19","x:5,y:20","x:15,y:6","x:7,y:17","[(6, 3), (4, 1), (0, 2), (5, 7)]",34.38030381053953,34.38030381053953,1.0
"x:8,y:10","x:13,y:8","x:1,y:19","x:10,y:13","x:13,y:3","x:16,y:20","x:17,y:7","x:16,y:0","[(6, 3), (4, 1), (0, 2), (5, 7)]",45.340382424676456,50.383218933109596,1.1112217462393652
"x:13,y:17","x:8,y:19","x:17,y:15","x:19,y:16","x:19,y:4","x:3,y:17","x:1,y:2","x:13,y:15","[(6, 3), (4, 1), (0, 2), (5, 7)]",45.3194834296893,46.33744285998765,1.0224618498107476
"x:6,y:16","x:15,y:10","x:14,y:3","x:11,y:16","x:14,y:16","x:14,y:19","x:6,y:6","x:9,y:5","[(6, 3), (4, 1), (0, 2), (5, 7)]",39.81054488510006,42.387852951094295,1.0647393315874671
"x:12,y:11","x:6,y:5","x:8,y:11","x:11,y:4","x:17,y:0","x:10,y:15","x:19,y:15","x:20,y:15","[(6, 3), (4, 1), (0, 2), (5, 7)]",41.69693513315607,45.169071088155654,1.083270771434677
"x:8,y:13","x:20,y:3","x:0,y:17","x:5,y:10","x:18,y:18","x:11,y:3","x:8,y:9","x:14,y:11","[(6, 3), (4, 1), (0, 2), (5, 7)]",46.713095543317465,47.695419741163846,1.0210288825097336
"x:9,y:4","x:18,y:6","x:7,y:8","x:19,y:3","x:17,y:13","x:15,y:7","x:5,y:7","x:6,y:15","[(6, 3), (4, 1), (0, 2), (5, 7)]",38.85362557599327,41.48475317139828,1.0677189723326803
"x:6,y:3","x:15,y:16","x:6,y:1","x:8,y:11","x:5,y:7","x:16,y:14","x:3,y:16","x:8,y:12","[(6, 3), (4, 1), (0, 2), (5, 7)]",33.13161471740328,36.38481227208122,1.0981901299537058
"x:7,y:0","x:8,y:11","x:7,y:14","x:10,y:15","x:9,y:19","x:7,y:10","x:3,y:15","x:0,y:13","[(6, 3), (4, 1), (0, 2), (5, 7)]",33.51278680097876,35.641834383437555,1.0635294102845727
"x:9,y:10","x:19,y:5","x:2,y:16","x:3,y:11","x:5,y:13","x:14,y:11","x:10,y:20","x:18,y:16","[(6, 3), (4, 1), (0, 2), (5, 7)]",49.232388021415105,53.387780575152874,1.0844036359140299
"x:0,y:20","x:13,y:10","x:16,y:11","x:14,y:3","x:12,y:18","x:7,y:15","x:3,y:15","x:19,y:13","[(6, 3), (4, 1), (0, 2), (5, 7)]",39.97365181873148,41.91337548013773,1.048525055208924
"x:9,y:18","x:15,y:1","x:4,y:15","x:16,y:3","x:1,y:15","x:5,y:4","x:7,y:11","x:5,y:11","[(6, 3), (4, 1), (0, 2), (5, 7)]",37.76513792661775,40.44282262768302,1.0709036123810363
"x:5,y:5","x:6,y:10","x:14,y:19","x:11,y:19","x:2,y:4","x:5,y:14","x:2,y:18","x:8,y:9","[(6, 3), (4, 1), (0, 2), (5, 7)]",33.78793895235123,35.62566129218284,1.0543898916836336
"x:16,y:6","x:13,y:4","x:4,y:7","x:14,y:15","x:11,y:5","x:12,y:11","x:14,y:1","x:8,y:16","[(6, 3), (4, 1), (0, 2), (5, 7)]",38.323875921789735,47.070811353701046,1.2282372338790002
"x:12,y:5","x:7,y:19","x:16,y:13","x:1,y:11","x:11,y:6","x:0,y:5","x:11,y:1","x:11,y:20","[(6, 3), (4, 1), (0, 2), (5, 7)]",48.30881451906171,49.129277382219804,1.0169837093152918
"x:8,y:19","x:20,y:19","x:8,y:14","x:6,y:8","x:7,y:15","x:10,y:16","x:19,y:15","x:3,y:11","[(6, 3), (4, 1), (0, 2), (5, 7)]",40.578640191420725,46.14718516392918,1.1372284765147398
"x:17,y:17","x:11,y:13","x:20,y:0","x:14,y:8","x:5,y:12","x:16,y:12","x:1,y:13","x:0,y:7","[(6, 3), (4, 1), (0, 2), (5, 7)]",52.68068642877949,56.72183196197393,1.076710191289132
"x:18,y:2","x:13,y:14","x:10,y:20","x:12,y:11","x:16,y:14","x:18,y:14","x:5,y:2","x:16,y:20","[(6, 3), (4, 1), (0, 2), (5, 7)]",42.38068573755172,42.705241057888486,1.0076580950659133
"x:14,y:17","x:2,y:0","x:11,y:3","x:3,y:15","x:6,y:19","x:13,y:15","x:11,y:11","x:4,y:0","[(6, 3), (4, 1), (0, 2), (5, 7)]",45.49603175725742,47.73209973475721,1.049148637609325
"x:8,y:4","x:4,y:17","x:16,y:1","x:16,y:6","x:4,y:4","x:12,y:12","x:0,y:4","x:11,y:13","[(6, 3), (4, 1), (0, 2), (5, 7)]",42.943403611440885,49.247493611819706,1.146799961582442
"x:13,y:6","x:6,y:9","x:5,y:9","x:16,y:6","x:1,y:20","x:18,y:6","x:16,y:18","x:7,y:16","[(6, 3), (4, 1), (0, 2), (5, 7)]",40.82617410811098,50.33824997756791,1.2329896464035104
"x:3,y:16","x:9,y:3","x:19,y:11","x:19,y:9","x:7,y:3","x:15,y:3","x:12,y:3","x:16,y:6","[(6, 3), (4, 1), (0, 2), (5, 7)]",33.21630664812956,34.00638885602311,1.0237859740477209
"x:12,y:10","x:6,y:20","x:10,y:10","x:7,y:17","x:19,y:16","x:3,y:9","x:3,y:14","x:12,y:9","[(6, 3), (4, 1), (0, 2), (5, 7)]",32.452889929326744,35.06866303519065,1.0806021624440945
"x:15,y:11","x:2,y:12","x:13,y:17","x:8,y:4","x:8,y:16","x:11,y:19","x:0,y:1","x:9,y:17","[(6, 3), (4, 1), (0, 2), (5, 7)]",39.050224365059414,39.15072942844775,1.0025737384361422
"x:0,y:4","x:13,y:2","x:7,y:3","x:8,y:11","x:6,y:15","x:6,y:9","x:2,y:14","x:15,y:3","[(6, 3), (4, 1), (0, 2), (5, 7)]",37.00929190720726,42.24312253075962,1.1414193667005315
"x:20,y:15","x:19,y:17","x:16,y:19","x:15,y:19","x:16,y:4","x:20,y:17","x:2,y:2","x:1,y:9","[(6, 3), (4, 1), (0, 2), (5, 7)]",45.44778972671493,50.69809084956205,1.1155237945435421
"x:18,y:18","x:18,y:19","x:13,y:1","x:15,y:4","x:20,y:10","x:20,y:2","x:0,y:17","x:13,y:11","[(6, 3), (4, 1), (0, 2), (5, 7)]",51.58919461835732,55.48158457135635,1.0754497134873662
"x:4,y:7","x:16,y:17","x:10,y:8","x:16,y:3","x:8,y:12","x:18,y:6","x:9,y:17","x:9,y:16","[(6, 3), (4, 1), (0, 2), (5, 7)]",45.509274286416826,50.4510397813593,1.1085880970951332
"x:11,y:19","x:14,y:5","x:7,y:20","x:8,y:7","x:19,y:18","x:17,y:1","x:18,y:13","x:3,y:6","[(6, 3), (4, 1), (0, 2), (5, 7)]",45.36986151112914,48.15645130219561,1.0614194026222217
"x:0,y:0","x:15,y:19","x:3,y:9","x:10,y:13","x:9,y:0","x:18,y:20","x:15,y:10","x:13,y:10","[(6, 3), (4, 1), (0, 2), (5, 7)]",45.35256995972402,45.53458836626701,1.0040134088697648
"x:14,y:13","x:2,y:13","x:19,y:11","x:20,y:16","x:4,y:13","x:2,y:12","x:6,y:18","x:10,y:20","[(6, 3), (4, 1), (0, 2), (5, 7)]",38.70400990676823,42.228660266923875,1.0910668007952138
"x:0,y:2","x:0,y:4","x:18,y:4","x:0,y:20","x:9,y:8","x:17,y:2","x:19,y:12","x:9,y:11","[(6, 3), (4, 1), (0, 2), (5, 7)]",59.791924107297376,71.06286112668121,1.1885026646601637
"x:0,y:13","x:8,y:5","x:10,y:18","x:16,y:6","x:6,y:13","x:0,y:19","x:0,y:18","x:4,y:19","[(6, 3), (4, 1), (0, 2), (5, 7)]",44.98977272951681,46.201481205738745,1.0269329761567558
"x:8,y:4","x:18,y:20","x:20,y:3","x:3,y:0","x:18,y:5","x:20,y:5","x:13,y:12","x:11,y:18","[(6, 3), (4, 1), (0, 2), (5, 7)]",60.031582200456285,60.938578242298554,1.0151086479582305
"x:0,y:17","x:19,y:17","x:14,y:17","x:17,y:7","x:12,y:7","x:20,y:7","x:2,y:1","x:13,y:4","[(6, 3), (4, 1), (0, 2), (5, 7)]",51.61390753228065,53.59979327817695,1.0384757876480148
"x:15,y:0","x:12,y:8","x:18,y:7","x:10,y:5","x:17,y:2","x:18,y:14","x:8,y:7","x:15,y:14","[(6, 3), (4, 1), (0, 2), (5, 7)]",30.152391501346745,30.152391501346745,1.0
"x:5,y:7","x:17,y:15","x:9,y:19","x:15,y:14","x:13,y:7","x:4,y:2","x:0,y:0","x:20,y:11","[(6, 3), (4, 1), (0, 2), (5, 7)]",42.19321315226633,43.40088876472916,1.0286225087457688
"x:2,y:3","x:13,y:20","x:0,y:11","x:18,y:12","x:9,y:16","x:19,y:9","x:11,y:8","x:14,y:15","[(6, 3), (4, 1), (0, 2), (5, 7)]",44.517931185440176,48.782520823014224,1.0957948746497188
"x:10,y:8","x:1,y:17","x:2,y:1","x:5,y:20","x:5,y:16","x:19,y:11","x:20,y:10","x:12,y:12","[(6, 3), (4, 1), (0, 2), (5, 7)]",42.34081458032511,42.34081458032511,1.0
"x:1,y:7","x:18,y:15","x:3,y:15","x:16,y:1","x:10,y:20","x:6,y:9","x:7,y:15","x:7,y:0","[(6, 3), (4, 1), (0, 2), (5, 7)]",51.70467708471028,56.30700235175291,1.0890117785573326
"x:1,y:5","x:16,y:20","x:12,y:13","x:17,y:18","x:5,y:9","x:11,y:9","x:4,y:14","x:18,y:8","[(6, 3), (4, 1), (0, 2), (5, 7)]",39.31944073823211,39.31944073823211,1.0
"x:17,y:14","x:18,y:6","x:13,y:12","x:17,y:15","x:0,y:6","x:12,y:4","x:10,y:8","x:8,y:14","[(6, 3), (4, 1), (0, 2), (5, 7)]",41.30618475931598,41.927847213524856,1.015050105881993
"x:2,y:13","x:0,y:3","x:14,y:2","x:1,y:11","x:2,y:6","x:0,y:10","x:0,y:2","x:14,y:10","[(6, 3), (4, 1), (0, 2), (5, 7)]",40.68070125143849,53.162920307002395,1.3068339205466013
"x:12,y:8","x:3,y:0","x:6,y:5","x:17,y:16","x:9,y:19","x:6,y:13","x:9,y:19","x:15,y:14","[(6, 3), (4, 1), (0, 2), (5, 7)]",41.407476789398466,47.99599474398762,1.1591142099311884
"x:12,y:17","x:17,y:12","x:0,y:20","x:1,y:17","x:18,y:7","x:12,y:5","x:7,y:0","x:3,y:15","[(6, 3), (4, 1), (0, 2), (5, 7)]",43.92573211942804,45.70489188800248,1.0405038159349773
"x:18,y:15","x:2,y:17","x:2,y:19","x:10,y:19","x:7,y:5","x:12,y:8","x:6,y:15","x:18,y:18","[(6, 3), (4, 1), (0, 2), (5, 7)]",44.90302736360199,49.58965823569625,1.1043722694718174
"x:8,y:7","x:12,y:16","x:10,y:8","x:17,y:5","x:0,y:12","x:18,y:0","x:1,y:2","x:20,y:2","[(6, 3), (4, 1), (0, 2), (5, 7)]",43.205426545563725,43.205426545563725,1.0
"x:19,y:16","x:19,y:17","x:16,y:10","x:2,y:4","x:3,y:18","x:2,y:18","x:14,y:16","x:12,y:16","[(6, 3), (4, 1), (0, 2), (5, 7)]",44.44947589327364,58.88739840998004,1.3248164849316306
"x:6,y:4","x:1,y:6","x:3,y:18","x:6,y:7","x:7,y:20","x:14,y:16","x:7,y:8","x:17,y:18","[(6, 3), (4, 1), (0, 2), (5, 7)]",43.089081257204754,47.06945385319783,1.0923754343294922
"x:7,y:1","x:1,y:3","x:1,y:7","x:2,y:0","x:3,y:11","x:12,y:10","x:7,y:4","x:2,y:9","[(6, 3), (4, 1), (0, 2), (5, 7)]",29.783308749881634,34.08804911920938,1.144535330358312
"x:4,y:8","x:17,y:19","x:8,y:1","x:11,y:19","x:9,y:5","x:20,y:10","x:14,y:13","x:14,y:0","[(6, 3), (4, 1), (0, 2), (5, 7)]",51.44275838946767,59.12944902034229,1.1494222096855597
"x:5,y:10","x:9,y:16","x:3,y:10","x:3,y:0","x:20,y:16","x:14,y:7","x:0,y:15","x:11,y:16","[(6, 3), (4, 1), (0, 2), (5, 7)]",45.528887426278416,45.528887426278416,1.0
"x:6,y:16","x:8,y:19","x:11,y:4","x:14,y:19","x:11,y:16","x:19,y:16","x:4,y:0","x:14,y:20","[(6, 3), (4, 1), (0, 2), (5, 7)]",39.98404229284641,39.984042292846404,0.9999999999999998
"x:20,y:7","x:3,y:8","x:5,y:19","x:15,y:12","x:0,y:14","x:15,y:12","x:12,y:11","x:17,y:17","[(6, 3), (4, 1), (0, 2), (5, 7)]",40.937585370963596,41.56330708412965,1.0152847733322803
"x:17,y:16","x:8,y:9","x:12,y:6","x:4,y:13","x:14,y:2","x:15,y:8","x:19,y:5","x:16,y:0","[(6, 3), (4, 1), (0, 2), (5, 7)]",40.566405628705034,42.94701615176869,1.058684285338288
"x:10,y:2","x:14,y:0","x:20,y:2","x:16,y:6","x:4,y:0","x:5,y:0","x:3,y:7","x:9,y:12","[(6, 3), (4, 1), (0, 2), (5, 7)]",43.955075530839416,49.39416444542518,1.1237419990501356
"x:17,y:7","x:2,y:5","x:17,y:13","x:14,y:9","x:8,y:0","x:14,y:10","x:1,y:4","x:0,y:2","[(6, 3), (4, 1), (0, 2), (5, 7)]",37.36395406639185,43.9141234052903,1.1753071778018858
"x:3,y:19","x:18,y:17","x:3,y:7","x:2,y:12","x:5,y:16","x:16,y:14","x:5,y:20","x:20,y:8","[(6, 3), (4, 1), (0, 2), (5, 7)]",42.26121393975532,50.49920206960434,1.194930229443776
"x:12,y:0","x:10,y:10","x:20,y:3","x:1,y:14","x:7,y:16","x:18,y:15","x:20,y:5","x:20,y:11","[(6, 3), (4, 1), (0, 2), (5, 7)]",49.48288008520984,54.663219972708795,1.104689538656165
"x:12,y:8","x:14,y:4","x:7,y:0","x:16,y:14","x:17,y:18","x:18,y:19","x:14,y:12","x:12,y:4","[(6, 3), (4, 1), (0, 2), (5, 7)]",31.799727444793547,37.202326529236835,1.1698945091218962
"x:4,y:20","x:13,y:2","x:0,y:4","x:14,y:16","x:19,y:16","x:3,y:8","x:11,y:19","x:11,y:19","[(6, 3), (4, 1), (0, 2), (5, 7)]",55.31847368706153,65.55690117769886,1.185081525360885
"x:16,y:8","x:16,y:4","x:7,y:13","x:13,y:13","x:20,y:3","x:8,y:6","x:8,y:18","x:2,y:7","[(6, 3), (4, 1), (0, 2), (5, 7)]",38.53817173726451,43.693740356724575,1.1337782356311128
"x:4,y:3","x:15,y:8","x:10,y:12","x:18,y:5","x:5,y:2","x:9,y:2","x:8,y:6","x:16,y:14","[(6, 3), (4, 1), (0, 2), (5, 7)]",37.11404772124825,37.6211266797239,1.0136627231361064
"x:7,y:13","x:6,y:10","x:1,y:15","x:12,y:8","x:5,y:5","x:16,y:20","x:1,y:19","x:18,y:18","[(6, 3), (4, 1), (0, 2), (5, 7)]",39.400738728871474,45.696368869858475,1.1597845711551034
"x:14,y:7","x:5,y:13","x:4,y:11","x:2,y:14","x:19,y:5","x:12,y:18","x:7,y:17","x:20,y:7","[(6, 3), (4, 1), (0, 2), (5, 7)]",39.94540245797498,41.86351450030649,1.048018343145985
"x:11,y:16","x:0,y:6","x:1,y:9","x:20,y:15","x:18,y:10","x:19,y:11","x:19,y:9","x:17,y:14","[(6, 3), (4, 1), (0, 2), (5, 7)]",34.77042023120043,39.680761989164104,1.1412218122563123
"x:3,y:6","x:1,y:3","x:11,y:2","x:4,y:13","x:20,y:14","x:3,y:14","x:10,y:16","x:17,y:18","[(6, 3), (4, 1), (0, 2), (5, 7)]",52.501567297947695,58.78726519331023,1.1197240048033432
"x:19,y:18","x:7,y:10","x:7,y:14","x:5,y:5","x:10,y:13","x:1,y:11","x:3,y:16","x:6,y:11","[(6, 3), (4, 1), (0, 2), (5, 7)]",32.89169978583094,33.80472863796586,1.0277586399632723
"x:4,y:8","x:8,y:2","x:16,y:6","x:6,y:0","x:12,y:17","x:17,y:5","x:5,y:16","x:9,y:0","[(6, 3), (4, 1), (0, 2), (5, 7)]",38.25711790776768,46.66291429397398,1.2197184954306135
"x:17,y:6","x:19,y:7","x:14,y:7","x:6,y:8","x:1,y:12","x:12,y:15","x:3,y:13","x:2,y:11","[(6, 3), (4, 1), (0, 2), (5, 7)]",34.53402085008061,41.100662558703846,1.1901499317768527
"x:5,y:12","x:8,y:10","x:9,y:8","x:1,y:13","x:17,y:11","x:4,y:9","x:3,y:5","x:20,y:1","[(6, 3), (4, 1), (0, 2), (5, 7)]",41.94452189746148,48.016559765037776,1.1447635493955597
"x:8,y:3","x:5,y:15","x:3,y:13","x:17,y:15","x:17,y:20","x:14,y:12","x:8,y:10","x:19,y:20","[(6, 3), (4, 1), (0, 2), (5, 7)]",41.76315454233123,42.9839215461497,1.0292307182538403
"x:12,y:9","x:7,y:11","x:11,y:20","x:14,y:12","x:17,y:3","x:14,y:6","x:9,y:0","x:12,y:1","[(6, 3), (4, 1), (0, 2), (5, 7)]",45.046819144046374,49.481550813730436,1.0984471657255777
"x:1,y:6","x:16,y:1","x:6,y:16","x:12,y:8","x:8,y:18","x:18,y:18","x:6,y:13","x:4,y:1","[(6, 3), (4, 1), (0, 2), (5, 7)]",52.93086780337456,57.384807122066405,1.0841463498244004
"x:4,y:6","x:7,y:6","x:4,y:20","x:12,y:0","x:18,y:4","x:16,y:17","x:19,y:2","x:13,y:8","[(6, 3), (4, 1), (0, 2), (5, 7)]",48.66168306670251,48.73069040505506,1.001418104225001
"x:1,y:4","x:5,y:2","x:3,y:4","x:19,y:10","x:0,y:1","x:3,y:9","x:1,y:19","x:17,y:9","[(6, 3), (4, 1), (0, 2), (5, 7)]",39.31725577904974,41.597365668330255,1.0579926000454862
"x:16,y:13","x:14,y:20","x:15,y:20","x:12,y:7","x:0,y:10","x:12,y:10","x:7,y:5","x:5,y:14","[(6, 3), (4, 1), (0, 2), (5, 7)]",35.921614604731374,41.11965363191695,1.1447050497140214
"x:19,y:14","x:5,y:9","x:18,y:2","x:13,y:7","x:15,y:17","x:4,y:11","x:9,y:1","x:15,y:7","[(6, 3), (4, 1), (0, 2), (5, 7)]",40.624765877109574,43.58659142280693,1.072906895135271
"x:5,y:9","x:1,y:6","x:12,y:3","x:17,y:19","x:6,y:18","x:19,y:1","x:10,y:0","x:7,y:8","[(6, 3), (4, 1), (0, 2), (5, 7)]",55.70256762116478,63.594451570906955,1.14167899769747
"x:9,y:10","x:10,y:6","x:12,y:0","x:17,y:0","x:10,y:9","x:2,y:4","x:7,y:15","x:9,y:10","[(6, 3), (4, 1), (0, 2), (5, 7)]",30.88796745486497,30.895321891908843,1.0002381003882699
"x:13,y:3","x:6,y:1","x:19,y:2","x:5,y:11","x:20,y:3","x:14,y:12","x:8,y:17","x:6,y:4","[(6, 3), (4, 1), (0, 2), (5, 7)]",42.163969475293605,42.903151339334784,1.0175311260595212
"x:6,y:7","x:16,y:4","x:10,y:7","x:16,y:18","x:1,y:12","x:13,y:8","x:3,y:10","x:18,y:18","[(6, 3), (4, 1), (0, 2), (5, 7)]",40.077287632098454,44.66025796758025,1.1143533059809974
"x:12,y:18","x:14,y:11","x:5,y:11","x:12,y:7","x:19,y:17","x:5,y:18","x:18,y:7","x:19,y:16","[(6, 3), (4, 1), (0, 2), (5, 7)]",42.5137665153422,47.219733093894135,1.1106927699961298
"x:13,y:9","x:7,y:11","x:10,y:17","x:7,y:20","x:7,y:4","x:16,y:9","x:14,y:1","x:7,y:10","[(6, 3), (4, 1), (0, 2), (5, 7)]",35.095864898215424,35.33765768825396,1.0068894951225673
"x:7,y:4","x:14,y:2","x:5,y:6","x:2,y:8","x:2,y:5","x:3,y:2","x:0,y:11","x:2,y:1","[(6, 3), (4, 1), (0, 2), (5, 7)]",29.13421877390149,29.13421877390149,1.0
"x:5,y:11","x:13,y:11","x:4,y:3","x:4,y:6","x:3,y:2","x:7,y:10","x:7,y:14","x:17,y:20","[(6, 3), (4, 1), (0, 2), (5, 7)]",41.1860825215754,48.84220354637531,1.1858909747191722
"x:17,y:3","x:10,y:20","x:6,y:8","x:10,y:15","x:8,y:11","x:11,y:2","x:3,y:5","x:12,y:15","[(6, 3), (4, 1), (0, 2), (5, 7)]",38.151792593641275,38.15179259364127,0.9999999999999998
"x:5,y:5","x:18,y:12","x:5,y:17","x:0,y:11","x:5,y:7","x:9,y:15","x:17,y:9","x:12,y:18","[(6, 3), (4, 1), (0, 2), (5, 7)]",47.61569225537802,54.41393991884342,1.1427732611132533
"x:1,y:0","x:17,y:11","x:20,y:8","x:7,y:10","x:4,y:11","x:6,y:12","x:0,y:8","x:9,y:14","[(6, 3), (4, 1), (0, 2), (5, 7)]",38.95573057071984,39.47718846481974,1.0133859097611648
"x:20,y:12","x:2,y:17","x:17,y:5","x:16,y:15","x:8,y:2","x:14,y:5","x:4,y:12","x:8,y:13","[(6, 3), (4, 1), (0, 2), (5, 7)]",44.75988655300446,48.904396466144235,1.0925942899393157
"x:3,y:18","x:13,y:4","x:20,y:2","x:18,y:4","x:20,y:2","x:16,y:10","x:8,y:7","x:11,y:1","[(6, 3), (4, 1), (0, 2), (5, 7)]",35.672531588986814,38.88460732589561,1.090043391759178
"x:0,y:5","x:0,y:15","x:16,y:9","x:18,y:3","x:18,y:0","x:15,y:2","x:9,y:3","x:0,y:15","[(6, 3), (4, 1), (0, 2), (5, 7)]",46.82512562194364,46.82512562194364,1.0
"x:6,y:5","x:8,y:0","x:14,y:10","x:0,y:5","x:11,y:12","x:11,y:9","x:8,y:2","x:16,y:13","[(6, 3), (4, 1), (0, 2), (5, 7)]",38.53410285757385,41.34651988019577,1.0729851433940714
"x:9,y:0","x:5,y:10","x:8,y:1","x:3,y:14","x:7,y:14","x:5,y:11","x:6,y:16","x:2,y:0","[(6, 3), (4, 1), (0, 2), (5, 7)]",29.25103780954522,30.48203797471349,1.0420839825644261
"x:4,y:15","x:15,y:5","x:4,y:4","x:3,y:15","x:14,y:16","x:18,y:17","x:7,y:17","x:0,y:19","[(6, 3), (4, 1), (0, 2), (5, 7)]",47.60900656305772,53.56737259330774,1.1251520764744
"x:2,y:18","x:17,y:1","x:5,y:19","x:20,y:17","x:13,y:14","x:5,y:6","x:13,y:13","x:9,y:11","[(6, 3), (4, 1), (0, 2), (5, 7)]",45.64553801963396,48.85031598576421,1.0702101038824814
"x:17,y:16","x:8,y:7","x:12,y:19","x:10,y:3","x:5,y:3","x:1,y:13","x:20,y:10","x:6,y:4","[(6, 3), (4, 1), (0, 2), (5, 7)]",43.108126363826,49.04903307200015,1.1378140784415867
"x:2,y:4","x:12,y:17","x:8,y:18","x:15,y:6","x:18,y:12","x:18,y:9","x:18,y:2","x:12,y:11","[(6, 3), (4, 1), (0, 2), (5, 7)]",40.40325382331595,40.40325382331596,1.0000000000000002
"x:18,y:12","x:2,y:3","x:7,y:2","x:19,y:5","x:13,y:5","x:3,y:0","x:20,y:12","x:18,y:20","[(6, 3), (4, 1), (0, 2), (5, 7)]",53.59665587854765,57.73296817437715,1.0771748204813854
"x:11,y:13","x:9,y:5","x:1,y:11","x:19,y:4","x:10,y:13","x:0,y:13","x:7,y:2","x:17,y:15","[(6, 3), (4, 1), (0, 2), (5, 7)]",48.44778097654328,64.08633960460642,1.322792051830708
"x:7,y:11","x:16,y:13","x:16,y:7","x:18,y:19","x:10,y:15","x:6,y:12","x:3,y:5","x:7,y:19","[(6, 3), (4, 1), (0, 2), (5, 7)]",42.93128100346698,43.335951558402904,1.009426006992506
"x:8,y:18","x:1,y:2","x:12,y:1","x:4,y:6","x:17,y:3","x:14,y:18","x:14,y:15","x:7,y:15","[(6, 3), (4, 1), (0, 2), (5, 7)]",49.51243985440737,53.88698924231075,1.0883525312177476
"x:19,y:2","x:16,y:2","x:11,y:17","x:9,y:8","x:11,y:12","x:7,y:18","x:1,y:1","x:0,y:12","[(6, 3), (4, 1), (0, 2), (5, 7)]",51.844816195436614,64.27167673109959,1.239693405196348
"x:4,y:9","x:16,y:13","x:11,y:10","x:4,y:19","x:6,y:4","x:18,y:8","x:7,y:16","x:20,y:14","[(6, 3), (4, 1), (0, 2), (5, 7)]",39.249198184644705,39.24919818464471,1.0000000000000002
"x:20,y:18","x:15,y:0","x:17,y:19","x:12,y:3","x:13,y:11","x:3,y:16","x:14,y:20","x:19,y:12","[(6, 3), (4, 1), (0, 2), (5, 7)]",47.28740131882168,51.744004806798074,1.0942450497105778
"x:2,y:14","x:17,y:14","x:18,y:20","x:7,y:5","x:13,y:9","x:18,y:17","x:13,y:19","x:14,y:2","[(6, 3), (4, 1), (0, 2), (5, 7)]",52.135705026030216,52.135705026030216,1.0
"x:13,y:5","x:16,y:3","x:15,y:20","x:6,y:12","x:9,y:8","x:14,y:2","x:2,y:4","x:8,y:6","[(6, 3), (4, 1), (0, 2), (5, 7)]",45.24708934685341,53.82030728889317,1.1894755677281144
"x:14,y:11","x:3,y:17","x:18,y:3","x:20,y:19","x:3,y:3","x:4,y:0","x:11,y:3","x:3,y:16","[(6, 3), (4, 1), (0, 2), (5, 7)]",51.722322676031446,52.366273761817894,1.012450157929293
"x:13,y:2","x:10,y:13","x:13,y:19","x:14,y:9","x:7,y:14","x:3,y:17","x:7,y:20","x:18,y:0","[(6, 3), (4, 1), (0, 2), (5, 7)]",47.76950365619722,47.76950365619722,1.0
"x:6,y:17","x:17,y:18","x:9,y:4","x:12,y:6","x:7,y:20","x:18,y:3","x:0,y:16","x:6,y:5","[(6, 3), (4, 1), (0, 2), (5, 7)]",44.91911208578391,49.81909217391407,1.1090845268439962
"x:2,y:4","x:3,y:2","x:12,y:4","x:19,y:7","x:9,y:9","x:3,y:18","x:11,y:16","x:3,y:5","[(6, 3), (4, 1), (0, 2), (5, 7)]",47.16635749669434,47.930289519194545,1.0161965448053467
"x:1,y:2","x:15,y:5","x:8,y:1","x:20,y:1","x:2,y:8","x:9,y:2","x:3,y:9","x:10,y:12","[(6, 3), (4, 1), (0, 2), (5, 7)]",40.49751507376217,46.135414505548056,1.1392159351386626
"x:1,y:2","x:1,y:8","x:11,y:0","x:18,y:12","x:5,y:4","x:17,y:10","x:8,y:11","x:19,y:14","[(6, 3), (4, 1), (0, 2), (5, 7)]",41.470323430678434,45.256304575805906,1.0912937453081624
"x:1,y:16","x:13,y:3","x:4,y:16","x:11,y:13","x:19,y:13","x:3,y:13","x:0,y:6","x:6,y:14","[(6, 3), (4, 1), (0, 2), (5, 7)]",39.90353643155683,39.90353643155683,1.0
"x:9,y:12","x:10,y:16","x:9,y:11","x:12,y:20","x:10,y:11","x:6,y:17","x:0,y:9","x:15,y:5","[(6, 3), (4, 1), (0, 2), (5, 7)]",34.611618771425086,36.02855119757464,1.0409380571162237
"x:10,y:16","x:15,y:6","x:17,y:11","x:11,y:8","x:9,y:1","x:6,y:5","x:12,y:4","x:16,y:18","[(6, 3), (4, 1), (0, 2), (5, 7)]",37.28334298271482,39.65191222836356,1.0635288859892966
"x:4,y:12","x:18,y:5","x:16,y:14","x:17,y:10","x:6,y:14","x:10,y:3","x:17,y:1","x:12,y:14","[(6, 3), (4, 1), (0, 2), (5, 7)]",37.94381334752897,37.94381334752896,0.9999999999999997
"x:5,y:16","x:3,y:15","x:5,y:11","x:2,y:12","x:20,y:1","x:11,y:19","x:5,y:0","x:0,y:2","[(6, 3), (4, 1), (0, 2), (5, 7)]",45.885327443028906,45.8853274430289,0.9999999999999999
"x:18,y:20","x:2,y:19","x:15,y:2","x:5,y:8","x:12,y:10","x:9,y:6","x:15,y:5","x:14,y:8","[(6, 3), (4, 1), (0, 2), (5, 7)]",47.95326500489499,52.9690335625792,1.1045970187258827
"x:19,y:3","x:5,y:6","x:2,y:15","x:1,y:8","x:7,y:3","x:18,y:5","x:7,y:20","x:1,y:7","[(6, 3), (4, 1), (0, 2), (5, 7)]",36.28720038981134,36.28720038981134,1.0
"x:7,y:18","x:16,y:4","x:4,y:12","x:3,y:8","x:18,y:18","x:18,y:7","x:13,y:8","x:18,y:8","[(6, 3), (4, 1), (0, 2), (5, 7)]",40.28571863537713,40.28571863537712,0.9999999999999998
"x:20,y:11","x:19,y:15","x:4,y:11","x:6,y:9","x:1,y:0","x:11,y:17","x:15,y:1","x:10,y:19","[(6, 3), (4, 1), (0, 2), (5, 7)]",50.9513765863772,54.8228746656521,1.0759841703729358
"x:4,y:7","x:18,y:11","x:16,y:12","x:17,y:5","x:20,y:19","x:8,y:13","x:20,y:17","x:6,y:18","[(6, 3), (4, 1), (0, 2), (5, 7)]",39.22356686539437,43.80816314777565,1.116883716825512
"x:13,y:5","x:2,y:8","x:2,y:10","x:16,y:1","x:11,y:11","x:10,y:4","x:6,y:6","x:6,y:4","[(6, 3), (4, 1), (0, 2), (5, 7)]",33.68186989350965,36.23281726919356,1.0757365129593197
"x:6,y:0","x:9,y:10","x:0,y:2","x:18,y:9","x:12,y:18","x:11,y:15","x:14,y:20","x:1,y:6","[(6, 3), (4, 1), (0, 2), (5, 7)]",42.472502358722274,42.982026524323096,1.011996565714386
"x:8,y:18","x:15,y:8","x:0,y:15","x:14,y:18","x:17,y:4","x:14,y:2","x:3,y:11","x:18,y:20","[(6, 3), (4, 1), (0, 2), (5, 7)]",49.182107362306866,51.25902513737069,1.0422291334481444
"x:2,y:2","x:18,y:17","x:12,y:7","x:4,y:11","x:3,y:0","x:2,y:12","x:2,y:10","x:19,y:13","[(6, 3), (4, 1), (0, 2), (5, 7)]",44.26040544864036,52.11264214989235,1.1774099586675433
"x:12,y:16","x:2,y:15","x:15,y:10","x:17,y:20","x:9,y:18","x:7,y:1","x:13,y:8","x:16,y:12","[(6, 3), (4, 1), (0, 2), (5, 7)]",41.03267026405462,42.587297477079346,1.0378875467528763
"x:16,y:3","x:8,y:15","x:4,y:16","x:16,y:15","x:2,y:4","x:11,y:16","x:9,y:7","x:3,y:2","[(6, 3), (4, 1), (0, 2), (5, 7)]",52.02147675877819,68.02147675877819,1.3075652787442282
"x:4,y:9","x:0,y:9","x:5,y:15","x:3,y:18","x:9,y:16","x:5,y:5","x:6,y:11","x:14,y:20","[(6, 3), (4, 1), (0, 2), (5, 7)]",39.81731090925129,47.02841346017929,1.181104710143862
"x:10,y:0","x:19,y:15","x:12,y:11","x:12,y:8","x:6,y:3","x:7,y:7","x:1,y:20","x:2,y:1","[(6, 3), (4, 1), (0, 2), (5, 7)]",50.454494704610084,51.43040859258521,1.0193424568750256
"x:4,y:20","x:9,y:13","x:12,y:19","x:18,y:14","x:13,y:8","x:16,y:8","x:5,y:9","x:10,y:4","[(6, 3), (4, 1), (0, 2), (5, 7)]",42.6406898436298,44.851792394557776,1.0518542865754856
"x:0,y:18","x:18,y:3","x:4,y:16","x:7,y:9","x:16,y:3","x:9,y:14","x:7,y:9","x:0,y:12","[(6, 3), (4, 1), (0, 2), (5, 7)]",33.715973645152935,33.71597364515294,1.0000000000000002
"x:11,y:16","x:19,y:9","x:20,y:11","x:14,y:0","x:5,y:1","x:2,y:12","x:3,y:6","x:11,y:3","[(6, 3), (4, 1), (0, 2), (5, 7)]",44.41567926517166,47.72566040155859,1.074522807962152
"x:0,y:4","x:4,y:4","x:1,y:17","x:5,y:0","x:11,y:11","x:20,y:2","x:13,y:2","x:11,y:7","[(6, 3), (4, 1), (0, 2), (5, 7)]",45.792886494392775,48.02349479312219,1.0487108035655832
"x:4,y:14","x:11,y:9","x:13,y:11","x:16,y:17","x:20,y:5","x:2,y:1","x:3,y:18","x:20,y:18","[(6, 3), (4, 1), (0, 2), (5, 7)]",47.646306611608686,47.646306611608686,1.0
"x:16,y:13","x:6,y:16","x:1,y:5","x:9,y:6","x:8,y:5","x:12,y:12","x:19,y:8","x:5,y:13","[(6, 3), (4, 1), (0, 2), (5, 7)]",39.86191333035403,46.95927454427417,1.1780486840935367
"x:17,y:2","x:7,y:17","x:14,y:14","x:4,y:0","x:17,y:14","x:13,y:0","x:7,y:9","x:18,y:19","[(6, 3), (4, 1), (0, 2), (5, 7)]",50.07768683829168,52.85821832654268,1.0555243595262247
"x:9,y:0","x:19,y:2","x:8,y:11","x:8,y:19","x:8,y:2","x:13,y:10","x:12,y:1","x:20,y:19","[(6, 3), (4, 1), (0, 2), (5, 7)]",51.9444804194396,55.62581464106598,1.070870556253532
"x:10,y:12","x:3,y:6","x:18,y:8","x:20,y:5","x:3,y:4","x:9,y:17","x:9,y:14","x:7,y:20","[(6, 3), (4, 1), (0, 2), (5, 7)]",38.05014292558873,42.14095098186149,1.107510977403496
"x:6,y:19","x:12,y:10","x:5,y:12","x:2,y:3","x:17,y:9","x:0,y:14","x:8,y:7","x:16,y:19","[(6, 3), (4, 1), (0, 2), (5, 7)]",45.44616438016214,54.99022010298167,1.210007947931149
"x:4,y:17","x:4,y:10","x:2,y:20","x:7,y:2","x:16,y:19","x:7,y:17","x:5,y:15","x:3,y:8","[(6, 3), (4, 1), (0, 2), (5, 7)]",35.71646649179474,39.380803275211356,1.102595165293253
"x:1,y:18","x:18,y:15","x:6,y:1","x:16,y:7","x:19,y:8","x:9,y:16","x:16,y:2","x:19,y:13","[(6, 3), (4, 1), (0, 2), (5, 7)]",44.13473901893493,46.29574392049279,1.048963808319581
"x:15,y:14","x:20,y:18","x:2,y:9","x:11,y:2","x:0,y:20","x:8,y:0","x:8,y:9","x:16,y:11","[(6, 3), (4, 1), (0, 2), (5, 7)]",56.791822283271934,60.48967839859022,1.0651124751178744
"x:7,y:5","x:4,y:16","x:10,y:4","x:13,y:11","x:0,y:0","x:7,y:2","x:19,y:14","x:0,y:2","[(6, 3), (4, 1), (0, 2), (5, 7)]",42.669662052597516,46.38421010656129,1.087053608472103
"x:17,y:19","x:14,y:15","x:18,y:17","x:10,y:17","x:8,y:4","x:17,y:14","x:14,y:12","x:18,y:5","[(6, 3), (4, 1), (0, 2), (5, 7)]",36.18673747926775,36.39800268580474,1.0058381943566488
"x:10,y:1","x:12,y:13","x:10,y:9","x:19,y:4","x:8,y:15","x:16,y:10","x:12,y:8","x:1,y:14","[(6, 3), (4, 1), (0, 2), (5, 7)]",39.31366544766297,43.62099030708272,1.109563044055354
"x:13,y:1","x:15,y:7","x:14,y:18","x:17,y:4","x:3,y:1","x:10,y:19","x:14,y:14","x:8,y:8","[(6, 3), (4, 1), (0, 2), (5, 7)]",47.31006942525831,53.29281801082955,1.1264582499719842
"x:13,y:20","x:4,y:2","x:1,y:5","x:6,y:3","x:10,y:13","x:10,y:1","x:16,y:2","x:19,y:8","[(6, 3), (4, 1), (0, 2), (5, 7)]",46.095026893371845,50.78857721186384,1.1018233556810637
"x:4,y:11","x:4,y:5","x:7,y:8","x:13,y:12","x:15,y:11","x:18,y:17","x:1,y:11","x:4,y:11","[(6, 3), (4, 1), (0, 2), (5, 7)]",33.098138176157924,33.94859160298344,1.0256949023023336
"x:9,y:6","x:17,y:16","x:11,y:10","x:1,y:2","x:5,y:4","x:0,y:12","x:11,y:18","x:3,y:5","[(6, 3), (4, 1), (0, 2), (5, 7)]",42.81634363086343,47.2636042820055,1.1038682959358619
"x:16,y:19","x:10,y:18","x:7,y:20","x:12,y:0","x:9,y:14","x:19,y:1","x:5,y:9","x:18,y:19","[(6, 3), (4, 1), (0, 2), (5, 7)]",49.72224608780732,56.07977513495938,1.1278608580136331
"x:19,y:6","x:5,y:7","x:10,y:3","x:16,y:10","x:5,y:2","x:19,y:6","x:11,y:5","x:2,y:14","[(6, 3), (4, 1), (0, 2), (5, 7)]",36.839912309325086,46.05945676661797,1.2502596743412766
"x:13,y:1","x:19,y:9","x:2,y:18","x:7,y:19","x:13,y:8","x:0,y:11","x:8,y:13","x:15,y:7","[(6, 3), (4, 1), (0, 2), (5, 7)]",46.69317714133165,52.477861291752035,1.1238871395045835
"x:11,y:16","x:15,y:14","x:12,y:11","x:7,y:19","x:17,y:7","x:4,y:0","x:10,y:15","x:2,y:4","[(6, 3), (4, 1), (0, 2), (5, 7)]",38.21080601265809,38.21080601265808,0.9999999999999998
"x:17,y:10","x:7,y:11","x:11,y:19","x:6,y:10","x:7,y:0","x:14,y:18","x:19,y:16","x:8,y:17","[(6, 3), (4, 1), (0, 2), (5, 7)]",36.02440077689583,38.2438492018766,1.061609586200368
"x:5,y:5","x:7,y:16","x:0,y:8","x:9,y:15","x:18,y:0","x:8,y:20","x:5,y:3","x:11,y:18","[(6, 3), (4, 1), (0, 2), (5, 7)]",41.249932300134056,41.249932300134056,1.0
"x:4,y:3","x:2,y:10","x:11,y:2","x:2,y:7","x:0,y:14","x:13,y:6","x:15,y:13","x:10,y:13","[(6, 3), (4, 1), (0, 2), (5, 7)]",36.10324878272812,40.175116573046076,1.1127839717368024
"x:1,y:19","x:1,y:10","x:3,y:6","x:0,y:12","x:5,y:7","x:8,y:15","x:10,y:18","x:15,y:9","[(6, 3), (4, 1), (0, 2), (5, 7)]",38.423684637759344,42.35252706559349,1.102250538043747
"x:19,y:14","x:19,y:2","x:14,y:1","x:16,y:13","x:20,y:13","x:3,y:16","x:7,y:20","x:0,y:13","[(6, 3), (4, 1), (0, 2), (5, 7)]",42.022120940924566,42.85984328075619,1.0199352703070201
"x:7,y:12","x:2,y:3","x:0,y:4","x:0,y:11","x:3,y:18","x:2,y:12","x:5,y:7","x:16,y:12","[(6, 3), (4, 1), (0, 2), (5, 7)]",42.471527550494905,43.30247944534021,1.019564916610484
"x:0,y:7","x:19,y:1","x:18,y:17","x:19,y:8","x:10,y:7","x:4,y:12","x:7,y:0","x:1,y:9","[(6, 3), (4, 1), (0, 2), (5, 7)]",50.89906450433076,57.685332832261665,1.133327957871475
"x:11,y:13","x:5,y:0","x:8,y:0","x:4,y:8","x:19,y:1","x:9,y:2","x:7,y:15","x:2,y:9","[(6, 3), (4, 1), (0, 2), (5, 7)]",37.420170312890605,43.24636008368937,1.1556965059774658
"x:1,y:9","x:3,y:18","x:4,y:4","x:14,y:17","x:1,y:6","x:16,y:19","x:6,y:13","x:13,y:0","[(6, 3), (4, 1), (0, 2), (5, 7)]",51.95927403252796,63.00463504971522,1.212577277547653
"x:11,y:7","x:3,y:13","x:4,y:15","x:0,y:14","x:11,y:14","x:12,y:8","x:1,y:5","x:0,y:0","[(6, 3), (4, 1), (0, 2), (5, 7)]",37.158588311427984,47.14005129519352,1.2686179275733083
"x:17,y:4","x:3,y:20","x:7,y:16","x:8,y:10","x:17,y:13","x:8,y:13","x:6,y:2","x:17,y:10","[(6, 3), (4, 1), (0, 2), (5, 7)]",44.472661011531066,51.42613453993648,1.1563538895638037
"x:15,y:7","x:10,y:0","x:15,y:10","x:8,y:4","x:17,y:14","x:16,y:4","x:17,y:13","x:14,y:10","[(6, 3), (4, 1), (0, 2), (5, 7)]",27.649097741530618,27.9148346584763,1.0096110520288888
"x:11,y:12","x:5,y:9","x:13,y:4","x:17,y:18","x:12,y:15","x:19,y:9","x:19,y:8","x:18,y:2","[(6, 3), (4, 1), (0, 2), (5, 7)]",41.770964490088616,50.49340756581012,1.2088159366727373
"x:19,y:2","x:13,y:18","x:19,y:0","x:8,y:20","x:12,y:9","x:12,y:20","x:2,y:11","x:19,y:13","[(6, 3), (4, 1), (0, 2), (5, 7)]",46.5844015624756,47.201078641988964,1.01323784483281
"x:6,y:11","x:3,y:4","x:19,y:9","x:6,y:13","x:2,y:1","x:0,y:17","x:5,y:4","x:2,y:10","[(6, 3), (4, 1), (0, 2), (5, 7)]",38.67809651771302,43.317293111859854,1.1199437669333667
"x:18,y:17","x:20,y:8","x:18,y:12","x:0,y:20","x:4,y:17","x:20,y:9","x:2,y:9","x:3,y:8","[(6, 3), (4, 1), (0, 2), (5, 7)]",50.84145283185256,55.19641537659564,1.0856577124014573
"x:6,y:5","x:11,y:3","x:8,y:2","x:7,y:3","x:11,y:19","x:11,y:3","x:4,y:17","x:15,y:9","[(6, 3), (4, 1), (0, 2), (5, 7)]",32.074101254518766,32.074101254518766,1.0
"x:3,y:12","x:18,y:20","x:15,y:18","x:18,y:4","x:19,y:15","x:0,y:1","x:16,y:17","x:1,y:11","[(6, 3), (4, 1), (0, 2), (5, 7)]",48.87506273942241,48.875062739422404,0.9999999999999999
"x:8,y:20","x:10,y:6","x:12,y:7","x:7,y:11","x:10,y:19","x:13,y:20","x:14,y:11","x:12,y:13","[(6, 3), (4, 1), (0, 2), (5, 7)]",28.750025253759432,30.58774759359105,1.063920720890195
"x:14,y:10","x:14,y:14","x:17,y:0","x:0,y:0","x:6,y:15","x:20,y:19","x:11,y:16","x:14,y:6","[(6, 3), (4, 1), (0, 2), (5, 7)]",55.53321880149842,59.87950028845437,1.0782645339268302
"x:6,y:8","x:11,y:12","x:11,y:18","x:9,y:15","x:13,y:16","x:10,y:3","x:14,y:19","x:16,y:18","[(6, 3), (4, 1), (0, 2), (5, 7)]",29.444559003165814,31.341906346130433,1.0644379609407844
"x:15,y:5","x:20,y:16","x:1,y:9","x:5,y:2","x:15,y:17","x:16,y:2","x:20,y:8","x:13,y:10","[(6, 3), (4, 1), (0, 2), (5, 7)]",48.418926960413614,52.467751851173205,1.0836207067139227
"x:18,y:20","x:0,y:11","x:4,y:17","x:12,y:5","x:14,y:18","x:12,y:5","x:0,y:0","x:9,y:20","[(6, 3), (4, 1), (0, 2), (5, 7)]",51.196413748685714,63.66713683873876,1.2435858720743538
"x:18,y:0","x:17,y:12","x:6,y:19","x:0,y:4","x:7,y:6","x:11,y:8","x:13,y:13","x:0,y:11","[(6, 3), (4, 1), (0, 2), (5, 7)]",59.421618743461686,68.12056323934344,1.146393596805858
"x:1,y:1","x:20,y:17","x:1,y:0","x:0,y:7","x:2,y:1","x:2,y:0","x:1,y:18","x:18,y:20","[(6, 3), (4, 1), (0, 2), (5, 7)]",47.81686398053406,58.68937698514249,1.227378211357285
"x:4,y:19","x:8,y:19","x:4,y:14","x:0,y:15","x:20,y:15","x:2,y:18","x:18,y:5","x:7,y:9","[(6, 3), (4, 1), (0, 2), (5, 7)]",42.64282644128582,43.092864435867945,1.0105536624126399
"x:11,y:5","x:0,y:8","x:18,y:17","x:11,y:14","x:4,y:12","x:20,y:15","x:16,y:5","x:18,y:1","[(6, 3), (4, 1), (0, 2), (5, 7)]",50.910560252238966,53.16700882336734,1.0443218177122524
"x:16,y:12","x:17,y:5","x:8,y:19","x:7,y:6","x:15,y:5","x:11,y:14","x:7,y:3","x:7,y:7","[(6, 3), (4, 1), (0, 2), (5, 7)]",35.13306477870548,38.13982611646625,1.085582096429663
"x:14,y:14","x:4,y:4","x:10,y:16","x:5,y:6","x:8,y:5","x:15,y:14","x:2,y:15","x:16,y:8","[(6, 3), (4, 1), (0, 2), (5, 7)]",34.50233485176965,34.50233485176965,1.0
"x:7,y:9","x:3,y:0","x:1,y:7","x:9,y:8","x:11,y:17","x:2,y:4","x:0,y:18","x:16,y:20","[(6, 3), (4, 1), (0, 2), (5, 7)]",56.3643547575886,58.469623254057744,1.037351061775185
"x:14,y:18","x:1,y:0","x:12,y:15","x:3,y:10","x:6,y:13","x:7,y:15","x:13,y:12","x:10,y:17","[(6, 3), (4, 1), (0, 2), (5, 7)]",37.7759605375788,43.02349505234066,1.1389120075329842
"x:2,y:2","x:12,y:12","x:7,y:20","x:19,y:13","x:13,y:3","x:4,y:11","x:7,y:8","x:6,y:7","[(6, 3), (4, 1), (0, 2), (5, 7)]",48.895268854052276,54.04616950535508,1.1053455839802775
"x:3,y:4","x:3,y:14","x:0,y:0","x:7,y:8","x:7,y:1","x:8,y:16","x:12,y:12","x:3,y:2","[(6, 3), (4, 1), (0, 2), (5, 7)]",37.39418666347087,39.08773486424518,1.0452890770433223
"x:17,y:18","x:12,y:16","x:18,y:3","x:13,y:3","x:4,y:2","x:16,y:12","x:10,y:18","x:15,y:11","[(6, 3), (4, 1), (0, 2), (5, 7)]",44.35837659139889,45.36177920772124,1.0226203638055797
"x:6,y:14","x:8,y:20","x:12,y:18","x:8,y:17","x:2,y:6","x:15,y:12","x:18,y:20","x:14,y:10","[(6, 3), (4, 1), (0, 2), (5, 7)]",34.941756041416724,34.941756041416724,1.0
"x:14,y:4","x:18,y:11","x:14,y:18","x:14,y:7","x:10,y:12","x:2,y:7","x:1,y:0","x:6,y:2","[(6, 3), (4, 1), (0, 2), (5, 7)]",45.15248472534286,48.55560896277571,1.0753695894729525
"x:12,y:19","x:20,y:4","x:17,y:14","x:5,y:3","x:7,y:16","x:5,y:0","x:9,y:13","x:15,y:18","[(6, 3), (4, 1), (0, 2), (5, 7)]",51.13198426956629,59.724250053511675,1.1680409220703662
"x:15,y:17","x:6,y:10","x:1,y:10","x:9,y:19","x:6,y:13","x:18,y:11","x:6,y:11","x:11,y:15","[(6, 3), (4, 1), (0, 2), (5, 7)]",34.55053340361524,42.171540549661586,1.2205756726536938
"x:14,y:9","x:19,y:17","x:1,y:9","x:4,y:12","x:10,y:14","x:16,y:3","x:2,y:19","x:12,y:17","[(6, 3), (4, 1), (0, 2), (5, 7)]",47.70455198195301,54.532553578972625,1.14313102866164
"x:3,y:5","x:17,y:5","x:2,y:9","x:5,y:1","x:11,y:5","x:5,y:5","x:0,y:5","x:20,y:7","[(6, 3), (4, 1), (0, 2), (5, 7)]",33.1317811385145,36.34288368944247,1.0969191042734248
"x:6,y:13","x:16,y:4","x:3,y:0","x:18,y:0","x:19,y:20","x:15,y:7","x:5,y:3","x:7,y:8","[(6, 3), (4, 1), (0, 2), (5, 7)]",49.62433465862215,54.38679431298116,1.0959702469992016
"x:16,y:1","x:7,y:20","x:14,y:10","x:1,y:17","x:13,y:18","x:0,y:3","x:13,y:19","x:8,y:10","[(6, 3), (4, 1), (0, 2), (5, 7)]",47.70291448112367,49.78194445947533,1.0435828712137567
"x:17,y:16","x:9,y:19","x:20,y:4","x:11,y:5","x:8,y:17","x:17,y:18","x:8,y:13","x:17,y:7","[(6, 3), (4, 1), (0, 2), (5, 7)]",36.34726773027336,36.34726773027336,1.0
"x:7,y:16","x:1,y:2","x:9,y:16","x:12,y:20","x:11,y:19","x:9,y:11","x:15,y:6","x:6,y:10","[(6, 3), (4, 1), (0, 2), (5, 7)]",42.23720817428496,42.238069986303174,1.000020404095239
"x:17,y:4","x:6,y:18","x:11,y:2","x:17,y:4","x:1,y:2","x:10,y:19","x:16,y:10","x:4,y:16","[(6, 3), (4, 1), (0, 2), (5, 7)]",43.60784307227729,49.329147506773715,1.1311989777851135
"x:0,y:11","x:8,y:0","x:1,y:8","x:8,y:0","x:20,y:3","x:9,y:0","x:0,y:12","x:6,y:0","[(6, 3), (4, 1), (0, 2), (5, 7)]",27.99801304321636,27.998013043216364,1.0000000000000002
"x:13,y:6","x:18,y:20","x:7,y:19","x:3,y:4","x:8,y:5","x:13,y:10","x:4,y:4","x:7,y:5","[(6, 3), (4, 1), (0, 2), (5, 7)]",44.81490289773046,54.21382765999218,1.2097276609905965
"x:10,y:18","x:20,y:19","x:18,y:15","x:15,y:3","x:12,y:15","x:0,y:1","x:10,y:20","x:14,y:20","[(6, 3), (4, 1), (0, 2), (5, 7)]",51.3582289769019,61.267190514929325,1.19293814711726
"x:1,y:0","x:19,y:6","x:19,y:7","x:16,y:3","x:16,y:5","x:18,y:9","x:14,y:1","x:8,y:1","[(6, 3), (4, 1), (0, 2), (5, 7)]",31.018816024496275,34.2650272757316,1.1046529709151927
"x:18,y:3","x:14,y:18","x:15,y:14","x:18,y:3","x:5,y:9","x:9,y:12","x:3,y:10","x:19,y:11","[(6, 3), (4, 1), (0, 2), (5, 7)]",41.813405235803444,43.84994638925739,1.0487054604132102
"x:3,y:1","x:1,y:4","x:4,y:13","x:19,y:3","x:20,y:20","x:10,y:8","x:9,y:12","x:19,y:5","[(6, 3), (4, 1), (0, 2), (5, 7)]",49.957574482707315,53.97682173457156,1.0804532104186824
"x:14,y:17","x:11,y:3","x:6,y:2","x:8,y:2","x:20,y:1","x:3,y:17","x:19,y:5","x:17,y:4","[(6, 3), (4, 1), (0, 2), (5, 7)]",41.60421379358405,43.61078650320354,1.0482300355337788
"x:1,y:3","x:5,y:12","x:12,y:14","x:8,y:19","x:10,y:11","x:17,y:10","x:2,y:11","x:5,y:7","[(6, 3), (4, 1), (0, 2), (5, 7)]",38.403298246822025,38.403298246822025,1.0
"x:15,y:3","x:7,y:19","x:6,y:7","x:15,y:6","x:19,y:7","x:3,y:16","x:2,y:17","x:19,y:7","[(6, 3), (4, 1), (0, 2), (5, 7)]",46.127069352533,59.495555823232166,1.289818682572884
"x:14,y:2","x:15,y:12","x:15,y:11","x:13,y:5","x:10,y:7","x:16,y:17","x:9,y:9","x:5,y:19","[(6, 3), (4, 1), (0, 2), (5, 7)]",34.091330714631496,38.8261708685221,1.138886926812114
"x:7,y:10","x:0,y:7","x:5,y:9","x:4,y:11","x:8,y:18","x:1,y:9","x:1,y:2","x:12,y:2","[(6, 3), (4, 1), (0, 2), (5, 7)]",36.907886004796,38.4622417144845,1.0421144605650543
"x:1,y:4","x:19,y:7","x:6,y:13","x:0,y:18","x:3,y:0","x:5,y:0","x:8,y:3","x:9,y:14","[(6, 3), (4, 1), (0, 2), (5, 7)]",48.20263515415359,54.168415579524115,1.1237646117539377
"x:19,y:8","x:6,y:18","x:0,y:18","x:18,y:0","x:14,y:18","x:18,y:16","x:5,y:10","x:9,y:20","[(6, 3), (4, 1), (0, 2), (5, 7)]",51.9885870010519,51.988587001051904,1.0000000000000002
"x:6,y:8","x:13,y:10","x:14,y:17","x:8,y:14","x:9,y:6","x:18,y:15","x:20,y:18","x:14,y:14","[(6, 3), (4, 1), (0, 2), (5, 7)]",30.11416805165568,32.83317209652846,1.0902898609122722
"x:6,y:19","x:3,y:6","x:17,y:14","x:2,y:12","x:8,y:11","x:9,y:13","x:6,y:12","x:15,y:18","[(6, 3), (4, 1), (0, 2), (5, 7)]",34.533793330270655,35.42761803387195,1.025882609971428
"x:11,y:7","x:7,y:7","x:0,y:9","x:3,y:16","x:10,y:7","x:8,y:11","x:0,y:5","x:4,y:5","[(6, 3), (4, 1), (0, 2), (5, 7)]",32.089281181748255,33.75635726164056,1.0519511817809277
"x:4,y:12","x:15,y:7","x:5,y:10","x:10,y:6","x:10,y:13","x:16,y:16","x:1,y:0","x:6,y:2","[(6, 3), (4, 1), (0, 2), (5, 7)]",38.48843471765167,38.48843471765168,1.0000000000000002
"x:11,y:4","x:3,y:4","x:12,y:16","x:8,y:13","x:14,y:18","x:0,y:18","x:0,y:14","x:12,y:1","[(6, 3), (4, 1), (0, 2), (5, 7)]",52.431573762165655,54.14180352620248,1.0326183183399107
"x:13,y:9","x:9,y:5","x:8,y:13","x:8,y:4","x:12,y:2","x:20,y:18","x:6,y:4","x:14,y:14","[(6, 3), (4, 1), (0, 2), (5, 7)]",31.70659309380374,31.70659309380374,1.0
"x:11,y:2","x:10,y:10","x:11,y:11","x:0,y:5","x:20,y:9","x:19,y:20","x:19,y:18","x:3,y:17","[(6, 3), (4, 1), (0, 2), (5, 7)]",50.831235730212555,59.87659674739983,1.1779488711467816
"x:9,y:15","x:15,y:15","x:12,y:5","x:19,y:13","x:2,y:16","x:5,y:12","x:12,y:12","x:13,y:12","[(6, 3), (4, 1), (0, 2), (5, 7)]",34.14875504232904,36.39139572944833,1.0656726924404543
"x:9,y:7","x:0,y:9","x:6,y:18","x:10,y:16","x:7,y:5","x:8,y:15","x:15,y:17","x:9,y:0","[(6, 3), (4, 1), (0, 2), (5, 7)]",44.0479313846308,45.21676985910684,1.0265356042323448
"x:6,y:3","x:9,y:1","x:15,y:5","x:20,y:2","x:8,y:19","x:16,y:18","x:4,y:4","x:5,y:17","[(6, 3), (4, 1), (0, 2), (5, 7)]",49.78763394494518,58.49161422258964,1.1748221312800136
"x:14,y:3","x:15,y:5","x:5,y:7","x:15,y:8","x:20,y:14","x:5,y:13","x:20,y:10","x:0,y:17","[(6, 3), (4, 1), (0, 2), (5, 7)]",36.873214823863236,39.736166359956236,1.0776431225150507
"x:19,y:20","x:7,y:11","x:12,y:2","x:20,y:17","x:13,y:18","x:6,y:12","x:16,y:10","x:18,y:16","[(6, 3), (4, 1), (0, 2), (5, 7)]",44.318426258808756,46.01260580601186,1.038227430218517
"x:20,y:20","x:4,y:13","x:10,y:2","x:12,y:0","x:12,y:15","x:7,y:10","x:16,y:17","x:13,y:8","[(6, 3), (4, 1), (0, 2), (5, 7)]",37.92502584545249,42.83687129644206,1.1295146236948062
"x:0,y:3","x:8,y:1","x:5,y:10","x:1,y:15","x:7,y:16","x:8,y:17","x:6,y:10","x:4,y:15","[(6, 3), (4, 1), (0, 2), (5, 7)]",33.80595384751609,41.12941211434157,1.2166322033053232
"x:18,y:7","x:0,y:4","x:9,y:9","x:13,y:0","x:15,y:19","x:6,y:18","x:20,y:6","x:18,y:15","[(6, 3), (4, 1), (0, 2), (5, 7)]",56.34010390992554,60.1195238032683,1.0670822315021846
"x:18,y:20","x:17,y:1","x:9,y:11","x:1,y:6","x:20,y:13","x:9,y:15","x:16,y:2","x:4,y:17","[(6, 3), (4, 1), (0, 2), (5, 7)]",52.61070832905555,60.16595709730298,1.1436066726376855
"x:14,y:20","x:6,y:13","x:9,y:10","x:15,y:19","x:20,y:7","x:15,y:3","x:14,y:9","x:15,y:14","[(6, 3), (4, 1), (0, 2), (5, 7)]",39.42210041831518,42.72023092711266,1.083661968129562
"x:15,y:1","x:2,y:14","x:0,y:15","x:10,y:1","x:18,y:3","x:17,y:8","x:8,y:4","x:11,y:16","[(6, 3), (4, 1), (0, 2), (5, 7)]",40.1158754036706,43.61459230110954,1.0872152698210547
"x:12,y:16","x:10,y:6","x:7,y:9","x:19,y:2","x:16,y:2","x:16,y:0","x:3,y:7","x:9,y:12","[(6, 3), (4, 1), (0, 2), (5, 7)]",35.73268759241935,37.234221371937686,1.0420212942459128
"x:16,y:3","x:16,y:4","x:10,y:6","x:20,y:7","x:5,y:8","x:9,y:14","x:17,y:3","x:14,y:1","[(6, 3), (4, 1), (0, 2), (5, 7)]",29.547111977681137,31.184768511938255,1.0554252657753538
"x:7,y:0","x:3,y:4","x:7,y:16","x:13,y:6","x:3,y:9","x:18,y:14","x:15,y:5","x:14,y:17","[(6, 3), (4, 1), (0, 2), (5, 7)]",42.88325254515282,47.424437322846,1.1058964632617747
"x:9,y:2","x:15,y:7","x:18,y:0","x:8,y:18","x:7,y:16","x:10,y:14","x:20,y:7","x:9,y:2","[(6, 3), (4, 1), (0, 2), (5, 7)]",44.14435286784126,64.73910486025838,1.4665319719166208
"x:15,y:14","x:16,y:18","x:1,y:13","x:15,y:18","x:4,y:16","x:15,y:8","x:2,y:10","x:0,y:8","[(6, 3), (4, 1), (0, 2), (5, 7)]",41.930176521822574,46.80186122921506,1.1161856474622047
"x:7,y:6","x:1,y:20","x:16,y:16","x:13,y:6","x:8,y:7","x:14,y:18","x:17,y:19","x:10,y:3","[(6, 3), (4, 1), (0, 2), (5, 7)]",46.19985667713625,55.33037559723026,1.1976308927515047
"x:18,y:5","x:3,y:0","x:6,y:1","x:1,y:1","x:10,y:11","x:16,y:10","x:19,y:19","x:12,y:18","[(6, 3), (4, 1), (0, 2), (5, 7)]",48.94905945015439,52.53970654786313,1.0733547720434784
"x:13,y:4","x:9,y:2","x:5,y:13","x:2,y:6","x:4,y:2","x:10,y:5","x:16,y:18","x:9,y:11","[(6, 3), (4, 1), (0, 2), (5, 7)]",36.2510846972458,40.70458014294133,1.122851370735229
"x:8,y:11","x:8,y:0","x:14,y:14","x:3,y:19","x:15,y:12","x:1,y:9","x:20,y:5","x:10,y:7","[(6, 3), (4, 1), (0, 2), (5, 7)]",53.957857937478,54.850827222347284,1.0165493835189674
"x:10,y:11","x:6,y:1","x:8,y:16","x:13,y:12","x:0,y:10","x:2,y:14","x:8,y:5","x:14,y:6","[(6, 3), (4, 1), (0, 2), (5, 7)]",41.04103524049118,45.43573844134747,1.107080710199056
"x:0,y:10","x:11,y:7","x:20,y:16","x:15,y:15","x:9,y:3","x:13,y:7","x:20,y:16","x:5,y:19","[(6, 3), (4, 1), (0, 2), (5, 7)]",44.58281553363888,48.933722495087224,1.0975915699663579
"x:18,y:19","x:19,y:20","x:9,y:13","x:6,y:7","x:15,y:7","x:13,y:13","x:13,y:20","x:17,y:12","[(6, 3), (4, 1), (0, 2), (5, 7)]",41.93143248026631,45.43421255428485,1.0835359029450522
"x:11,y:8","x:6,y:4","x:4,y:17","x:8,y:11","x:19,y:5","x:4,y:11","x:10,y:5","x:20,y:12","[(6, 3), (4, 1), (0, 2), (5, 7)]",48.235122010137275,53.06561403800159,1.100144704243707
"x:8,y:15","x:20,y:12","x:10,y:19","x:3,y:2","x:3,y:8","x:2,y:5","x:6,y:11","x:8,y:16","[(6, 3), (4, 1), (0, 2), (5, 7)]",45.98679941077452,50.09583380517788,1.0893524760812259
"x:5,y:5","x:5,y:14","x:4,y:9","x:18,y:20","x:2,y:14","x:7,y:8","x:17,y:0","x:19,y:8","[(6, 3), (4, 1), (0, 2), (5, 7)]",47.67220862940644,58.82775203251442,1.2340051724858982
"x:13,y:7","x:9,y:10","x:14,y:4","x:15,y:20","x:10,y:19","x:13,y:19","x:10,y:16","x:9,y:7","[(6, 3), (4, 1), (0, 2), (5, 7)]",30.856855013238434,31.620787035738644,1.0247572872275046
"x:20,y:14","x:15,y:3","x:19,y:13","x:7,y:15","x:7,y:15","x:14,y:12","x:15,y:13","x:9,y:18","[(6, 3), (4, 1), (0, 2), (5, 7)]",33.76545269156557,43.537652942428934,1.289414163646158
"x:18,y:8","x:16,y:5","x:5,y:7","x:3,y:7","x:20,y:19","x:1,y:6","x:12,y:19","x:14,y:1","[(6, 3), (4, 1), (0, 2), (5, 7)]",45.88212410451032,53.18445712894836,1.1591542058472442
"x:15,y:18","x:13,y:18","x:20,y:13","x:16,y:4","x:2,y:10","x:16,y:8","x:10,y:1","x:17,y:18","[(6, 3), (4, 1), (0, 2), (5, 7)]",40.543750573512966,48.39260837530907,1.1935898305107402
"x:1,y:1","x:14,y:17","x:10,y:11","x:3,y:2","x:1,y:11","x:1,y:13","x:10,y:6","x:8,y:15","[(6, 3), (4, 1), (0, 2), (5, 7)]",39.924755097655854,40.37512689041519,1.0112805148499402
"x:1,y:2","x:15,y:19","x:19,y:20","x:16,y:13","x:19,y:2","x:7,y:18","x:0,y:7","x:19,y:8","[(6, 3), (4, 1), (0, 2), (5, 7)]",50.469874515746255,55.87162876673764,1.1070292784125326
"x:10,y:1","x:8,y:6","x:12,y:4","x:2,y:2","x:0,y:7","x:7,y:15","x:7,y:20","x:17,y:5","[(6, 3), (4, 1), (0, 2), (5, 7)]",41.13470169843611,48.86402808787445,1.187902818552157
"x:11,y:11","x:19,y:20","x:7,y:6","x:17,y:13","x:5,y:0","x:3,y:15","x:20,y:3","x:15,y:5","[(6, 3), (4, 1), (0, 2), (5, 7)]",51.98863522402232,58.76704318678868,1.13038249481945
"x:13,y:19","x:6,y:5","x:9,y:17","x:12,y:15","x:9,y:2","x:17,y:12","x:20,y:1","x:16,y:2","[(6, 3), (4, 1), (0, 2), (5, 7)]",41.248798801845425,51.72843801619969,1.2540592579361467
"x:14,y:5","x:13,y:10","x:17,y:5","x:15,y:8","x:10,y:19","x:0,y:9","x:13,y:1","x:8,y:13","[(6, 3), (4, 1), (0, 2), (5, 7)]",34.213589535713446,34.213589535713446,1.0
"x:9,y:14","x:2,y:12","x:16,y:6","x:8,y:8","x:9,y:18","x:16,y:20","x:15,y:20","x:11,y:8","[(6, 3), (4, 1), (0, 2), (5, 7)]",38.14880904205703,39.43874596736028,1.0338132947710417
"x:15,y:17","x:15,y:0","x:17,y:6","x:3,y:6","x:0,y:1","x:8,y:8","x:9,y:6","x:16,y:19","[(6, 3), (4, 1), (0, 2), (5, 7)]",51.16414430659103,59.23418067114483,1.1577283559399665
"x:6,y:4","x:5,y:18","x:20,y:14","x:15,y:0","x:13,y:2","x:1,y:1","x:8,y:19","x:19,y:16","[(6, 3), (4, 1), (0, 2), (5, 7)]",60.52072526626608,77.354613444417,1.2781508004751891
"x:19,y:17","x:11,y:0","x:16,y:4","x:17,y:1","x:3,y:19","x:4,y:1","x:9,y:15","x:2,y:15","[(6, 3), (4, 1), (0, 2), (5, 7)]",53.475791750004994,57.95782782833406,1.0838143004835201
"x:7,y:20","x:16,y:13","x:3,y:0","x:6,y:8","x:9,y:10","x:15,y:11","x:6,y:14","x:5,y:6","[(6, 3), (4, 1), (0, 2), (5, 7)]",39.982059892003605,41.3515431899678,1.0342524447630597
"x:20,y:18","x:12,y:3","x:19,y:19","x:13,y:16","x:4,y:6","x:13,y:7","x:0,y:11","x:13,y:7","[(6, 3), (4, 1), (0, 2), (5, 7)]",36.1926511032405,36.19265110324051,1.0000000000000002
"x:13,y:1","x:5,y:11","x:13,y:7","x:13,y:17","x:12,y:8","x:7,y:1","x:8,y:1","x:19,y:3","[(6, 3), (4, 1), (0, 2), (5, 7)]",43.250896866970855,43.36647701185511,1.0026723178767774
"x:19,y:6","x:11,y:12","x:3,y:15","x:1,y:4","x:0,y:12","x:6,y:15","x:17,y:3","x:11,y:8","[(6, 3), (4, 1), (0, 2), (5, 7)]",46.89849319086865,50.62866671917307,1.0795371721885236
"x:1,y:19","x:16,y:1","x:4,y:5","x:8,y:2","x:12,y:14","x:9,y:11","x:2,y:9","x:2,y:20","[(6, 3), (4, 1), (0, 2), (5, 7)]",51.58057702528244,51.58057702528243,0.9999999999999999
"x:19,y:19","x:1,y:10","x:15,y:2","x:9,y:11","x:12,y:0","x:4,y:0","x:0,y:0","x:3,y:18","[(6, 3), (4, 1), (0, 2), (5, 7)]",59.42814509269173,63.46979010914457,1.0680089376868314
"x:4,y:19","x:8,y:13","x:20,y:0","x:17,y:2","x:11,y:2","x:7,y:7","x:9,y:9","x:5,y:14","[(6, 3), (4, 1), (0, 2), (5, 7)]",41.960998678368526,45.18730702921469,1.0768882641611048
"x:3,y:8","x:13,y:12","x:14,y:3","x:3,y:2","x:0,y:10","x:14,y:2","x:19,y:12","x:11,y:0","[(6, 3), (4, 1), (0, 2), (5, 7)]",44.67775748787865,50.70036836995413,1.1348011006082712
"x:16,y:17","x:0,y:4","x:4,y:18","x:14,y:7","x:2,y:10","x:16,y:7","x:13,y:0","x:16,y:0","[(6, 3), (4, 1), (0, 2), (5, 7)]",48.81040017754995,55.052745839082824,1.1278896636541818
"x:9,y:11","x:7,y:8","x:5,y:15","x:13,y:10","x:2,y:0","x:11,y:3","x:16,y:9","x:5,y:5","[(6, 3), (4, 1), (0, 2), (5, 7)]",32.30884730138846,34.510296996107556,1.0681376736899086
"x:1,y:0","x:10,y:3","x:9,y:17","x:2,y:10","x:8,y:14","x:12,y:1","x:10,y:11","x:12,y:1","[(6, 3), (4, 1), (0, 2), (5, 7)]",38.88872931729694,43.88770862343882,1.1285457096156246
"x:15,y:15","x:13,y:9","x:9,y:1","x:9,y:2","x:10,y:14","x:8,y:17","x:7,y:7","x:5,y:11","[(6, 3), (4, 1), (0, 2), (5, 7)]",32.10102737853553,33.9534467438727,1.057705921480127
"x:14,y:17","x:16,y:2","x:0,y:13","x:10,y:15","x:11,y:3","x:2,y:5","x:4,y:19","x:2,y:18","[(6, 3), (4, 1), (0, 2), (5, 7)]",44.69129663418225,44.69129663418225,1.0
"x:12,y:13","x:10,y:11","x:8,y:0","x:14,y:11","x:10,y:17","x:20,y:8","x:17,y:11","x:11,y:10","[(6, 3), (4, 1), (0, 2), (5, 7)]",31.087865543317502,31.42171607873969,1.0107389339727104
"x:3,y:17","x:0,y:13","x:13,y:17","x:12,y:10","x:17,y:4","x:18,y:5","x:7,y:11","x:19,y:9","[(6, 3), (4, 1), (0, 2), (5, 7)]",45.92794033953153,45.95183718930239,1.0005203118100703
"x:14,y:10","x:20,y:12","x:7,y:6","x:18,y:4","x:5,y:18","x:5,y:2","x:14,y:14","x:6,y:19","[(6, 3), (4, 1), (0, 2), (5, 7)]",51.19898662168049,61.99578326201551,1.210879108215846
"x:18,y:18","x:10,y:7","x:20,y:8","x:4,y:10","x:8,y:12","x:4,y:20","x:7,y:0","x:6,y:3","[(6, 3), (4, 1), (0, 2), (5, 7)]",47.868619230100464,47.868619230100464,1.0
"x:13,y:0","x:16,y:7","x:10,y:12","x:14,y:16","x:9,y:13","x:7,y:12","x:15,y:17","x:19,y:3","[(6, 3), (4, 1), (0, 2), (5, 7)]",32.55666691489515,39.08760327721234,1.2006021187423577
"x:7,y:3","x:17,y:10","x:2,y:14","x:17,y:4","x:1,y:6","x:6,y:8","x:13,y:14","x:10,y:5","[(6, 3), (4, 1), (0, 2), (5, 7)]",44.80168411755092,51.75658223649269,1.1552374259122373
"x:6,y:6","x:1,y:2","x:5,y:14","x:9,y:1","x:10,y:13","x:17,y:1","x:20,y:10","x:5,y:7","[(6, 3), (4, 1), (0, 2), (5, 7)]",47.6855425308903,48.439556127649624,1.0158122054765526
"x:16,y:3","x:4,y:0","x:20,y:16","x:12,y:9","x:19,y:8","x:3,y:4","x:10,y:14","x:2,y:14","[(6, 3), (4, 1), (0, 2), (5, 7)]",55.44178692540195,59.956844397026714,1.0814378057060077
"x:0,y:9","x:16,y:16","x:17,y:9","x:20,y:1","x:2,y:12","x:6,y:17","x:18,y:19","x:18,y:20","[(6, 3), (4, 1), (0, 2), (5, 7)]",47.15458597530766,50.1956342673212,1.0644910400359782
"x:13,y:12","x:13,y:9","x:17,y:8","x:20,y:3","x:10,y:13","x:19,y:9","x:20,y:4","x:7,y:10","[(6, 3), (4, 1), (0, 2), (5, 7)]",26.234859077946748,30.36579383229472,1.1574597653478715
"x:5,y:6","x:14,y:8","x:16,y:17","x:10,y:3","x:11,y:6","x:6,y:4","x:4,y:10","x:11,y:19","[(6, 3), (4, 1), (0, 2), (5, 7)]",38.21331544198694,42.01566700372047,1.0995033149506752
"x:0,y:7","x:17,y:14","x:0,y:10","x:8,y:18","x:8,y:6","x:16,y:14","x:7,y:0","x:9,y:8","[(6, 3), (4, 1), (0, 2), (5, 7)]",47.62838909070939,48.91726006088509,1.0270609817964034
"x:0,y:1","x:4,y:9","x:3,y:20","x:12,y:16","x:18,y:3","x:10,y:10","x:3,y:16","x:7,y:13","[(6, 3), (4, 1), (0, 2), (5, 7)]",43.648010304698396,47.710268052996945,1.0930685664693696
"x:8,y:3","x:3,y:6","x:8,y:5","x:14,y:18","x:3,y:0","x:19,y:6","x:19,y:9","x:19,y:2","[(6, 3), (4, 1), (0, 2), (5, 7)]",41.27096256661235,49.97566247733197,1.2109158442008718
"x:3,y:18","x:17,y:9","x:15,y:16","x:2,y:5","x:11,y:1","x:13,y:14","x:13,y:2","x:4,y:11","[(6, 3), (4, 1), (0, 2), (5, 7)]",49.348705465944725,54.39274737772545,1.102212243748959
"x:20,y:19","x:2,y:5","x:17,y:9","x:9,y:12","x:0,y:13","x:12,y:19","x:19,y:15","x:1,y:12","[(6, 3), (4, 1), (0, 2), (5, 7)]",46.164165374337294,55.23014311436601,1.196385609195233
"x:10,y:15","x:17,y:14","x:14,y:16","x:19,y:11","x:1,y:1","x:14,y:2","x:7,y:10","x:20,y:15","[(6, 3), (4, 1), (0, 2), (5, 7)]",41.43972169893829,41.439721698938285,0.9999999999999998
"x:8,y:4","x:5,y:13","x:7,y:9","x:20,y:3","x:18,y:12","x:5,y:3","x:5,y:12","x:10,y:15","[(6, 3), (4, 1), (0, 2), (5, 7)]",45.15545736574868,50.586311628320665,1.1202701639933204
"x:9,y:4","x:10,y:18","x:7,y:12","x:0,y:6","x:1,y:12","x:10,y:3","x:19,y:17","x:15,y:12","[(6, 3), (4, 1), (0, 2), (5, 7)]",48.28692758182052,52.39842287930732,1.0851471713647551
"x:11,y:13","x:15,y:11","x:3,y:20","x:6,y:2","x:14,y:18","x:1,y:10","x:4,y:4","x:0,y:18","[(6, 3), (4, 1), (0, 2), (5, 7)]",43.1879503567837,49.207668485642195,1.1393842050648035
